<?xml version="1.0" encoding="utf-8"?><module><meta><versionid>20120810133338</versionid><title>Integrated Management of Newborn and Childhood Illness</title><shortname>IMCI</shortname><sourceurl></sourceurl><updateurl></updateurl><license></license></meta><structure><section id='1'><title lang='en'>An Introduction to the Integrated Management of Newborn and Childhood Illness (IMNCI)</title><activities><activity type='page' id='1' digest='42574b3aa03ac80e0d08e352bc1bc287'><title lang='en'>Intro</title><location lang='en'>01_5066.html</location></activity><activity type='page' id='2' digest='0a656b0bf95b13fbd7e3f6a1a7e67345'><title lang='en'>Outcomes</title><location lang='en'>01_5067.html</location></activity><activity type='page' id='3' digest='dff3f78fbe7ed9302fd8fb52f8fd1c48'><title lang='en'>Summary</title><location lang='en'>01_5068.html</location></activity></activities></section><section id='2'><title lang='en'>Maternal, Newborn and Child Health</title><activities><activity type='page' id='1' digest='70d47db1b54c2e72524c260f699c8015'><title lang='en'>Intro</title><location lang='en'>02_5071.html</location></activity><activity type='page' id='2' digest='db58b3b7c37fc4cd30cc1705679a6f12'><title lang='en'>Outcomes</title><location lang='en'>02_5072.html</location></activity><activity type='page' id='3' digest='0265b3ffc57c7a605a385186fcf354d5'><title lang='en'>Summary</title><location lang='en'>02_5073.html</location></activity></activities></section><section id='3'><title lang='en'>Management of Bacterial Infection and Jaundice in the Newborn and Young Infants</title><activities><activity type='page' id='1' digest='47021ece83d97b202bac61bd01001d57'><title lang='en'>Intro</title><location lang='en'>03_5078.html</location></activity><activity type='page' id='2' digest='78106649c3c3ea4ece272df471880d0e'><title lang='en'>Outcomes</title><location lang='en'>03_5079.html</location></activity><activity type='page' id='3' digest='c4cc56276a18743d317eabbe8bffa720'><title lang='en'>Summary</title><location lang='en'>03_5080.html</location></activity></activities></section><section id='4'><title lang='en'>Assess and Classify Coughs or Difficult Breathing</title><activities><activity type='page' id='1' digest='9e218d4af15a4e28a1da38e186dede8c'><title lang='en'>Intro</title><location lang='en'>04_5083.html</location></activity><activity type='page' id='2' digest='89463690d395461855bc51b156cc4b00'><title lang='en'>Outcomes</title><location lang='en'>04_5084.html</location></activity><activity type='page' id='3' digest='3f1dcd8f1565826f188632d0e5f866ca'><title lang='en'>Summary</title><location lang='en'>04_5085.html</location></activity></activities></section><section id='5'><title lang='en'>Management of Diarrhoeal Disease in Young Infants and Children</title><activities><activity type='page' id='1' digest='9d39806b1c14de6ef87ba8d798d3a649'><title lang='en'>Intro</title><location lang='en'>05_5088.html</location></activity><activity type='page' id='2' digest='289e4832d8964f7915267fc74c1477ab'><title lang='en'>Outcomes</title><location lang='en'>05_5089.html</location></activity><activity type='page' id='3' digest='5c9439ff1aa7ccd87499490c1b375080'><title lang='en'>Summary</title><location lang='en'>05_5090.html</location></activity></activities></section><section id='6'><title lang='en'>Management of Sick Children with Fever</title><activities><activity type='page' id='1' digest='1909c831ff5ed974894841e0d5c8c50c'><title lang='en'>Intro</title><location lang='en'>06_5093.html</location></activity><activity type='page' id='2' digest='3160f57c7090ce9539b44e3e9a0baf1b'><title lang='en'>Outcomes</title><location lang='en'>06_5094.html</location></activity><activity type='page' id='3' digest='ebf6bcbd390dc12b55020146120f3968'><title lang='en'>Summary</title><location lang='en'>06_5096.html</location></activity></activities></section><section id='7'><title lang='en'>Assessment of Malnutrition and Anaemia in the Sick Child</title><activities><activity type='page' id='1' digest='7c2602ed1ed8cc5f90b60c8cd2633345'><title lang='en'>Intro</title><location lang='en'>07_5099.html</location></activity><activity type='page' id='2' digest='15ca460868cfc0683190c69ae0eedeca'><title lang='en'>Outcomes</title><location lang='en'>07_5100.html</location></activity><activity type='page' id='3' digest='fda7835611f4f08c4e468d64b1363811'><title lang='en'>Summary</title><location lang='en'>07_5101.html</location></activity></activities></section><section id='8'><title lang='en'>Treatment of a Child with Malnutrition and Anaemia</title><activities><activity type='page' id='1' digest='96bf0f9b675e192a268f5cb85b663971'><title lang='en'>Intro</title><location lang='en'>08_5104.html</location></activity><activity type='page' id='2' digest='10a17ae37f51678da6a7ac91254bf293'><title lang='en'>Outcomes</title><location lang='en'>08_5105.html</location></activity><activity type='page' id='3' digest='814cad14137d55cf873e73062ec9e424'><title lang='en'>Summary</title><location lang='en'>08_5106.html</location></activity></activities></section><section id='9'><title lang='en'>Assessment of HIV Infection in Infants and Children</title><activities><activity type='page' id='1' digest='2568def15a98360a8d627dcab52574ae'><title lang='en'>Intro</title><location lang='en'>09_5109.html</location></activity><activity type='page' id='2' digest='9229226b3b7237a61f1647798ee14b48'><title lang='en'>Outcomes</title><location lang='en'>09_5110.html</location></activity><activity type='page' id='3' digest='f17bf664cd66aa9ff621a6d817fdfee5'><title lang='en'>Summary</title><location lang='en'>09_5111.html</location></activity></activities></section><section id='10'><title lang='en'>Infant and Young Child Feeding</title><activities><activity type='page' id='1' digest='5b4cb2437c3b3dc21fb864cfaf8e53bd'><title lang='en'>Intro</title><location lang='en'>10_5114.html</location></activity><activity type='page' id='2' digest='645b9c8b3da28146b7c45440daab4de3'><title lang='en'>Outcomes</title><location lang='en'>10_5115.html</location></activity><activity type='page' id='3' digest='cbc865f0ffa49306d2f68d36ad7d2cec'><title lang='en'>Summary</title><location lang='en'>10_5116.html</location></activity></activities></section><section id='11'><title lang='en'>Infant and Young Child Feeding Recommendations</title><activities><activity type='page' id='1' digest='09eba1db0354a9b21d7e55ed0aded8d4'><title lang='en'>Intro</title><location lang='en'>11_5119.html</location></activity><activity type='page' id='2' digest='f764e70db062538a86000ad6fbeee98f'><title lang='en'>Outcomes</title><location lang='en'>11_5120.html</location></activity><activity type='page' id='3' digest='1498af9d0444487db9df4bc842dce9f5'><title lang='en'>Summary</title><location lang='en'>11_5121.html</location></activity></activities></section><section id='12'><title lang='en'>Immunization and Related Interventions</title><activities><activity type='page' id='1' digest='44f2d09ee996c3c6215a78dee62edf29'><title lang='en'>Intro</title><location lang='en'>12_5124.html</location></activity><activity type='page' id='2' digest='921a875a84ad4fd6cc8c6caa57f49f0e'><title lang='en'>Outcomes</title><location lang='en'>12_5125.html</location></activity><activity type='page' id='3' digest='c0f13e60a680bd57e2c0436eea9ab25f'><title lang='en'>Summary</title><location lang='en'>12_5126.html</location></activity></activities></section><section id='13'><title lang='en'>Ear Problems and Other Common Childhood Infections</title><activities><activity type='page' id='1' digest='93fc6ec0d95edc5a37fda761f52533ba'><title lang='en'>Intro</title><location lang='en'>13_5129.html</location></activity><activity type='page' id='2' digest='3dd646c8f974d9ed73891492e7a9cfe5'><title lang='en'>Outcomes</title><location lang='en'>13_5130.html</location></activity><activity type='page' id='3' digest='62c16be5a2c87b599bc476876218031f'><title lang='en'>Summary</title><location lang='en'>13_5131.html</location></activity></activities></section><section id='14'><title lang='en'>Counselling Mothers</title><activities><activity type='page' id='1' digest='6adda18acaafff03d327bfc691eb7308'><title lang='en'>Intro</title><location lang='en'>14_5134.html</location></activity><activity type='page' id='2' digest='6752ec6547a741b5c483d15dc0c33b4e'><title lang='en'>Outcomes</title><location lang='en'>14_5135.html</location></activity><activity type='page' id='3' digest='f460c1fd0f1f95b78ac545df4a456844'><title lang='en'>Summary</title><location lang='en'>14_5136.html</location></activity></activities></section><section id='15'><title lang='en'>Synthesis of IMNCI for a Sick Child up to Five Years: Assess and Classify</title><activities><activity type='page' id='1' digest='1d3567a321c342228bb2a58816c662a1'><title lang='en'>Intro</title><location lang='en'>15_5139.html</location></activity><activity type='page' id='2' digest='5306461a6077d8f00da4d3673c071583'><title lang='en'>Outcomes</title><location lang='en'>15_5140.html</location></activity><activity type='page' id='3' digest='d2f1cc122d76f079cc61166cc34fba17'><title lang='en'>Summary</title><location lang='en'>15_5141.html</location></activity></activities></section><section id='16'><title lang='en'>Synthesis of IMNCI for Children up to Five years: Treatment and Follow-up Care</title><activities><activity type='page' id='1' digest='41332a76531b7c36ced1897b0eec327f'><title lang='en'>Intro</title><location lang='en'>16_5144.html</location></activity><activity type='page' id='2' digest='14342430dfaaeec4258d82f48a57209c'><title lang='en'>Outcomes</title><location lang='en'>16_5145.html</location></activity><activity type='page' id='3' digest='a5fef15e6baa6f6c99d5d8c13c1e1257'><title lang='en'>Summary</title><location lang='en'>16_5147.html</location></activity></activities></section></structure></module>