<?xml version="1.0" encoding="utf-8"?><module><meta><versionid>20120811140523</versionid><title>Nutrition</title><shortname>NUT</shortname><sourceurl></sourceurl><updateurl></updateurl><license></license></meta><structure><section id='1'><title lang='en'>Food, Diet and Nutrition: an Overview</title><activities><activity type='page' id='1' digest='cb440c8be0e90609a5fda56b28656bf0'><title lang='en'>Intro</title><location lang='en'>01_4503.html</location></activity><activity type='page' id='2' digest='3195607ef9d86a07df94b08fddbc3c7b'><title lang='en'>Outcomes</title><location lang='en'>01_4504.html</location></activity><activity type='page' id='3' digest='02aa933cd71ad15eae286cc8dbca3d2e'><title lang='en'>Summary</title><location lang='en'>01_4505.html</location></activity></activities></section><section id='2'><title lang='en'>Nutrients and their Sources</title><activities><activity type='page' id='1' digest='a99142899834f7162b9cde3599a68169'><title lang='en'>Intro</title><location lang='en'>02_4508.html</location></activity><activity type='page' id='2' digest='26ee13b56a054de9231898dfdc77655e'><title lang='en'>Outcomes</title><location lang='en'>02_4509.html</location></activity><activity type='page' id='3' digest='622535564944e5f8bebfcf7016deb0b4'><title lang='en'>Summary</title><location lang='en'>02_4510.html</location></activity></activities></section><section id='3'><title lang='en'>Nutritional Requirements Throughout the Lifecycle</title><activities><activity type='page' id='1' digest='14f8c6a4ed6cc455804e29cbbcdd00c4'><title lang='en'>Intro</title><location lang='en'>03_4513.html</location></activity><activity type='page' id='2' digest='40dfc2d84a08058371d55af5aa43ebc3'><title lang='en'>Outcomes</title><location lang='en'>03_4514.html</location></activity></activities></section><section id='4'><title lang='en'>Infant and Young Child Feeding</title><activities><activity type='page' id='1' digest='df68865bc21e61b791a76050dd1e08a9'><title lang='en'>Intro</title><location lang='en'>04_4517.html</location></activity><activity type='page' id='2' digest='3d769d72aacc41af6fe6b10c6b7f1c5b'><title lang='en'>Outcomes</title><location lang='en'>04_4518.html</location></activity><activity type='page' id='3' digest='0d04b7ea86d1c8f21222a5ffbd17b0a8'><title lang='en'>Summary</title><location lang='en'>04_4519.html</location></activity></activities></section><section id='5'><title lang='en'>Nutritional Assessment</title><activities><activity type='page' id='1' digest='b5d288c6277aff479424275f948d42b2'><title lang='en'>Intro</title><location lang='en'>05_4562.html</location></activity><activity type='page' id='2' digest='3a6d938ad5728824ce8105911f42028c'><title lang='en'>Outcomes</title><location lang='en'>05_4563.html</location></activity><activity type='page' id='3' digest='2a92063bf850c9357947098dbe7c8af9'><title lang='en'>Summary</title><location lang='en'>05_4564.html</location></activity></activities></section><section id='6'><title lang='en'>Common Nutritional Problems in Ethiopia</title><activities><activity type='page' id='1' digest='b0f5b2095301357d3997004a618840af'><title lang='en'>Intro</title><location lang='en'>06_4522.html</location></activity><activity type='page' id='2' digest='659af5460432aad715ba043023d19bff'><title lang='en'>Outcomes</title><location lang='en'>06_4523.html</location></activity><activity type='page' id='3' digest='9fcfb6b5a8870cd83faf5d78dc00b450'><title lang='en'>Summary</title><location lang='en'>06_4524.html</location></activity></activities></section><section id='7'><title lang='en'>Preventing Micronutrient Problems in Ethiopia</title><activities><activity type='page' id='1' digest='82b65c8a6a1a5875337c08ae041e5170'><title lang='en'>Intro</title><location lang='en'>07_4527.html</location></activity><activity type='page' id='2' digest='d55270c9c4814ba00a4e3aa640e33fe4'><title lang='en'>Outcomes</title><location lang='en'>07_4528.html</location></activity><activity type='page' id='3' digest='9fd569b7e37c961b7ce78b965c85d5ca'><title lang='en'>Summary</title><location lang='en'>07_4529.html</location></activity></activities></section><section id='8'><title lang='en'>Household Food Security</title><activities><activity type='page' id='1' digest='8ae4f80d73bfaf0364d982a4caaae878'><title lang='en'>Intro</title><location lang='en'>08_4532.html</location></activity><activity type='page' id='2' digest='aa4f3d4c27969f197f3f92a4b7b03880'><title lang='en'>Outcomes</title><location lang='en'>08_4533.html</location></activity><activity type='page' id='3' digest='4c5654adb63415b489fd0d7d5cbc4f57'><title lang='en'>Summary</title><location lang='en'>08_4534.html</location></activity></activities></section><section id='9'><title lang='en'> Managing Acute Malnutrition</title><activities><activity type='page' id='1' digest='44260a749170fbf470b5cf919a783c84'><title lang='en'>Intro</title><location lang='en'>09_4537.html</location></activity><activity type='page' id='2' digest='3a145cd6f07e6d09f0d37bffd5584c50'><title lang='en'>Outcomes</title><location lang='en'>09_4538.html</location></activity><activity type='page' id='3' digest='a75d57ee25e0b6fa49bd5ac357976684'><title lang='en'>Summary</title><location lang='en'>09_4539.html</location></activity></activities></section><section id='10'><title lang='en'>Managing Severe Acute Malnutrition</title><activities><activity type='page' id='1' digest='5fd6e85b4095baa5cc4349afcb447498'><title lang='en'>Intro</title><location lang='en'>10_4542.html</location></activity><activity type='page' id='2' digest='fda956054106b3093dd5d916a8a61fd9'><title lang='en'>Outcomes</title><location lang='en'>10_4543.html</location></activity><activity type='page' id='3' digest='b3080f92b13165ef184a2aedf0270d46'><title lang='en'>Summary</title><location lang='en'>10_4544.html</location></activity></activities></section><section id='11'><title lang='en'>Nutrition Education and Counselling</title><activities><activity type='page' id='1' digest='80b5cc5b5dd6181e18a2e2da16eae5e2'><title lang='en'>Intro</title><location lang='en'>11_4548.html</location></activity><activity type='page' id='2' digest='5ff95a721c1e317fc4a512b3eb74b52c'><title lang='en'>Outcomes</title><location lang='en'>11_4549.html</location></activity><activity type='page' id='3' digest='9650e75c7c7d7e5b276d71f571aeaa39'><title lang='en'>Summary</title><location lang='en'>11_4550.html</location></activity></activities></section><section id='12'><title lang='en'>Nutrition and HIV</title><activities><activity type='page' id='1' digest='b8cb44ea2e165b5ae2943513643a2ffa'><title lang='en'>Intro</title><location lang='en'>12_4554.html</location></activity><activity type='page' id='2' digest='92fab3e8404665300b0e269dd1bc2efc'><title lang='en'>Outcomes</title><location lang='en'>12_4555.html</location></activity><activity type='page' id='3' digest='6566e7444648c9663ef4e5169cc5ecc2'><title lang='en'>Summary</title><location lang='en'>12_4556.html</location></activity></activities></section><section id='13'><title lang='en'>Nutrition Information System</title><activities><activity type='page' id='1' digest='e715ab72e5d0b6daa23f5ede634b5fb9'><title lang='en'>Intro</title><location lang='en'>13_4559.html</location></activity><activity type='page' id='2' digest='5951cbbd6bfe4180250c7f4c96381862'><title lang='en'>Outcomes</title><location lang='en'>13_4560.html</location></activity><activity type='page' id='3' digest='b2bb4e0720afec4b138ff9a6d5e3ec73'><title lang='en'>Summary</title><location lang='en'>13_5523.html</location></activity></activities></section></structure></module>