<?xml version="1.0" encoding="utf-8"?><module><meta><versionid>20120809214026</versionid><title>Literacy: Reading and Writing for a Range of Purposes</title><shortname>TESSA-LIT1</shortname><sourceurl></sourceurl><updateurl></updateurl><license></license></meta><structure><section id='1'><title lang='en'>Supporting and assessing reading and writing</title><activities><activity type='page' id='1' digest='8d5427a85f6ec9de6592f354f17b83fd'><title lang='en'>Intro</title><location lang='en'>01_5526.html</location></activity><activity type='page' id='2' digest='9c2738fceec5c51d6752459195e79e33'><title lang='en'>Outcomes</title><location lang='en'>01_5527.html</location></activity><activity type='page' id='3' digest='692e036e574245f7b4c1fa63df386d83'><title lang='en'>Case Study</title><location lang='en'>01_5528.html</location></activity><activity type='page' id='4' digest='50df5ef1a09a99afd7220135d9f340a2'><title lang='en'>Activity</title><location lang='en'>01_5529.html</location></activity></activities></section><section id='2'><title lang='en'>Stimulating interest in reading stories</title><activities><activity type='page' id='1' digest='0f8802d1d27fa3d399d051dbb046b831'><title lang='en'>Intro</title><location lang='en'>02_5530.html</location></activity><activity type='page' id='2' digest='9b20065da5bdfd610aa4453706da5ff0'><title lang='en'>Outcomes</title><location lang='en'>02_5531.html</location></activity><activity type='page' id='3' digest='b61f7b1b8a4293f9a4c1f6b5c5215a7d'><title lang='en'>Case Study</title><location lang='en'>02_5532.html</location></activity><activity type='page' id='4' digest='8745ccdef11d94dc5b9f7edea0939b9a'><title lang='en'>Activity</title><location lang='en'>02_5533.html</location></activity></activities></section><section id='3'><title lang='en'>Ways of reading and responding to information texts</title><activities><activity type='page' id='1' digest='81d0a6591a8d263e7ec0457f4cc97103'><title lang='en'>Intro</title><location lang='en'>03_5534.html</location></activity><activity type='page' id='2' digest='829ae80cddfbfc34005a040fa40944cd'><title lang='en'>Outcomes</title><location lang='en'>03_5535.html</location></activity><activity type='page' id='3' digest='74add5d61dc47d08399db3288c09991c'><title lang='en'>Case Study</title><location lang='en'>03_5536.html</location></activity><activity type='page' id='4' digest='8495ca37a35d5841d738edc08bf27869'><title lang='en'>Activity</title><location lang='en'>03_5537.html</location></activity></activities></section><section id='4'><title lang='en'>Ways of presenting your point of view</title><activities><activity type='page' id='1' digest='fdbc908e7448042c4c6116f2eaf7d6fa'><title lang='en'>Intro</title><location lang='en'>04_5538.html</location></activity><activity type='page' id='2' digest='6d6cb206a688cdf659b0c32dddeb9960'><title lang='en'>Outcomes</title><location lang='en'>04_5539.html</location></activity><activity type='page' id='3' digest='d7070baee8a70770d7f29425bb8cdb98'><title lang='en'>Case Study</title><location lang='en'>04_5540.html</location></activity><activity type='page' id='4' digest='53cbf99e33c07b1eb222bd79a65fabb0'><title lang='en'>Activity</title><location lang='en'>04_5541.html</location></activity></activities></section><section id='5'><title lang='en'>Ways of becoming a critical reader and writer</title><activities><activity type='page' id='1' digest='269a12ccc96fcccd434e3f7805d9f93e'><title lang='en'>Intro</title><location lang='en'>05_5542.html</location></activity><activity type='page' id='2' digest='afe7b333ac53c6cc05ea9cb2e739383e'><title lang='en'>Outcomes</title><location lang='en'>05_5543.html</location></activity><activity type='page' id='3' digest='484aa16cfc603306ef570af2e2bcddd1'><title lang='en'>Case Study</title><location lang='en'>05_5544.html</location></activity><activity type='page' id='4' digest='f5c8fceff659f24c42a39eb33362e272'><title lang='en'>Activity</title><location lang='en'>05_5545.html</location></activity></activities></section></structure></module>