<?xml version="1.0" encoding="utf-8"?><module><meta><versionid>20120809214036</versionid><title>Video demo</title><shortname>video</shortname><sourceurl></sourceurl><updateurl></updateurl><license></license></meta><structure><section id='1'><title lang='en'>Global Health Media Project</title><activities><activity type='page' id='1' digest='aab4166f6bae534f80ec31066b153ea0'><title lang='en'>Basic Skills</title><location lang='en'>01_5548.html</location></activity><activity type='page' id='2' digest='6d3219f9a0d2612975ed062bfa9fdef2'><title lang='en'>Breathing Problems</title><location lang='en'>01_5549.html</location></activity></activities></section></structure></module>