<?xml version="1.0" encoding="utf-8"?><module><meta><versionid>20120809213956</versionid><title>Antenatal Care</title><shortname>ANC</shortname><sourceurl></sourceurl><updateurl></updateurl><license></license></meta><structure><section id='1'><title lang='en'>Planning Antenatal Care</title><activities><activity type='page' id='1' digest='2228013cd1a1c12fb210dc256804e927'><title lang='en'>Intro</title><location lang='en'>01_5370.html</location></activity><activity type='page' id='2' digest='fc76d4097568a222eb2bf95f931d8886'><title lang='en'>Outcomes</title><location lang='en'>01_5371.html</location></activity><activity type='page' id='3' digest='ed36201bee1b6b1f628d503ef76367d8'><title lang='en'>Summary</title><location lang='en'>01_5372.html</location></activity><activity type='quiz' id='4' digest='4297b6561aeafb75698b77063c81373c'><title lang='en'>SAQs</title><content lang='en'>{"qref":"qt24fe97b67dc947","quiztitle":"ANC 1 SAQs","quizdescription":"ANC: 1: Planning Antenatal Care: SAQs","maxscore":"50","lastupdate":"2012-06-26 10:05:43","q":[{"refid":"qqt24fe97b67f2bd5","orderno":"1","text":"How does the MMR for Ethiopia in 2005 compare with the MMR for Africa, and the world figure?","type":"multichoice","props":{"maxscore":"10","type":"multichoice"},"r":[{"refid":"qqrt24fe97b681b035","orderno":"1","text":"It is above the average figure for Africa, and above the average figure for the world.","score":"0","props":{"feedback":""}},{"refid":"qqrt24fe97b683008e","orderno":"2","text":"It is below the average figure for Africa, and below the average figure for the world.","score":"0","props":{"feedback":""}},{"refid":"qqrt24fe97b684266d","orderno":"3","text":"It is above the average figure for Africa, and below the average figure for the world.","score":"0","props":{"feedback":""}},{"refid":"qqrt24fe97b6854c32","orderno":"4","text":"It is below the average figure for Africa, and above the average figure for the world.","score":"10","props":{"feedback":"Correct! Well done. By 2005, the MMR for Ethiopia was 673 per 100,000 live births \u2014 well below the average of 900 per 100,000 live births for Africa as a whole, but still one of the highest in the world. In 2008, the global average MMR was 400 maternal deaths per 100,000 live births."}}]},{"refid":"qqt24fe97b68735e7","orderno":"2","text":"Imagine that the total number of people in a catchment area is 10,000, and the total number of first antenatal visits the Health Extension Practitioners (HEPs) made last year was 150. Calculate the number of pregnant women who were eligible for antenatal care services in this catchment area last year.","type":"numerical","props":{"maxscore":"10","type":"numerical"},"r":[{"refid":"qqrt24fe97b6881a28","orderno":"1","text":"400","score":"10","props":{"feedback":"Correct! The total number of pregnant women in this catchment area is calculated as 4% of the 10,000 population. To calculate 4% of 10,000, you multiply 10,000 by 4 and divide the result by 100. Therefore, this community is expected to have 400 pregnant women in one year, who are eligible for antenatal care, delivery and postnatal care.","tolerance":"0"}},{"refid":"qqrt24fe97b689a228","orderno":"2","text":"400","score":"5","props":{"feedback":"Half credit for being close. The total number of pregnant women in this catchment area is calculated as 4% of the 10,000 population. To calculate 4% of 10,000, you multiply 10,000 by 4 and divide the result by 100. Therefore, this community is expected to have 400 pregnant women in one year, who are eligible for antenatal care, delivery and postnatal care.","tolerance":"100"}}]},{"refid":"qqt24fe97b68bedb4","orderno":"3","text":"Imagine that the total number of people in a catchment area is 10,000, and the total number of first antenatal visits the Health Extension Practitioners (HEPs) made last year was 150. What was the antenatal care coverage rate achieved by the Health Extension Practitioners last year?","type":"numerical","props":{"maxscore":"10","type":"numerical"},"r":[{"refid":"qqrt24fe97b68e0e3f","orderno":"1","text":"37.5","score":"10","props":{"feedback":"Correct! You calculate the ANC coverage rate as the total number of pregnant women attended at least once during their pregnancy by the Health Extension Practitioners for reasons relating to the pregnancy, divided by the total number of expected pregnancies in the same year. The result is expressed as a percentage by multiplying by 100. Only 37.5% of the pregnant women in this catchment area received one antenatal visit. These Health Extension Practitioners need to improve the antenatal care coverage rate in their kebele!","tolerance":"0"}},{"refid":"qqrt24fe97b6905d61","orderno":"2","text":"37.5","score":"5","props":{"feedback":"Half credit for being close. You calculate the ANC coverage rate as the total number of pregnant women attended at least once during their pregnancy by the Health Extension Practitioners for reasons relating to the pregnancy, divided by the total number of expected pregnancies in the same year. The result is expressed as a percentage by multiplying by 100. Only 37.5% of the pregnant women in this catchment area received one antenatal visit. These Health Extension Practitioners need to improve the antenatal care coverage rate in their kebele!","tolerance":"5"}}]},{"refid":"qqt24fe97b6941930","orderno":"4","text":"Assume that the total population of a community is 8,000. How many antenatal visits would the Health Extension Practitioners make in one year if they achieved focused antenatal care for every pregnant woman?","type":"numerical","props":{"maxscore":"10","type":"numerical"},"r":[{"refid":"qqrt24fe97b695140b","orderno":"1","text":"1280","score":"10","props":{"feedback":"Correct! This community is expected to have 320 pregnant women in one year (4% of 8000), who are eligible for antenatal care, delivery and postnatal care. Then calculate the number of antenatal visits the Health Extension Practitioners would make in one year if they achieved the focused antenatal care coverage rate of 4 visits for every pregnant woman. 320 x 4","tolerance":"0"}},{"refid":"qqrt24fe97b698dbf4","orderno":"2","text":"*","score":"0","props":{"feedback":"=%50%1280:200#Half credit for being close. This community is expected to have 320 pregnant women in one year (4% of 8000), who are eligible for antenatal care, delivery and postnatal care. Then calculate the number of antenatal visits the Health Extension Practitioners would make in one year if they achieved the focused antenatal care coverage rate of 4 visits for every pregnant woman. 320 x 4 is a total of 1,280 antenatal visits.","tolerance":""}}]},{"refid":"qqt24fe97b69bd466","orderno":"5","text":"Assume that there were 480 maternal deaths, 960 neonatal deaths and 60,000 live births in Region Y in the year 2005. What was the MMR in this region in that year?","type":"multichoice","props":{"maxscore":"10","type":"multichoice"},"r":[{"refid":"qqrt24fe97b69c97ee","orderno":"1","text":"480 maternal deaths per 100,000 live births","score":"0","props":{"feedback":""}},{"refid":"qqrt24fe97b69e0496","orderno":"2","text":"560 maternal deaths per 100,000 live births","score":"0","props":{"feedback":""}},{"refid":"qqrt24fe97b6a08aa1","orderno":"3","text":"800 maternal deaths per 100,000 live births","score":"10","props":{"feedback":"Correct!"}},{"refid":"qqrt24fe97b6a1f1de","orderno":"4","text":"1200 maternal deaths per 100,000 live births","score":"0","props":{"feedback":""}}]}]}</content></activity></activities></section><section id='2'><title lang='en'>Promoting Antenatal Care</title><activities><activity type='page' id='1' digest='73bb979dac6d4a4937049f7e7648a988'><title lang='en'>Intro</title><location lang='en'>02_5375.html</location></activity><activity type='page' id='2' digest='3da1ffb853331193114bc0c66a0597a9'><title lang='en'>Outcomes</title><location lang='en'>02_5376.html</location></activity><activity type='page' id='3' digest='5379badc63fc967d2062ea1f0c8ac003'><title lang='en'>Summary</title><location lang='en'>02_5377.html</location></activity><activity type='quiz' id='4' digest='3a36eb069c083ab1453eef34db4adc83'><title lang='en'>SAQs</title><content lang='en'>{"qref":"qt24fe97b6aeceb7","quiztitle":"ANC 2 SAQs","quizdescription":"ANC: 2: Promoting Antenatal Care: SAQs","maxscore":"40","lastupdate":"2012-06-26 10:05:46","q":[{"refid":"qqt24fe97b6b18a41","orderno":"1","text":"Give an example of a routine health screening activity that contributes to antenatal care.","type":"essay","props":{"maxscore":"10","type":"essay"},"r":[]},{"refid":"qqt24fe97b6b39403","orderno":"2","text":"Give an example of a routine disease prevention activity that contributes to antenatal care.","type":"essay","props":{"maxscore":"10","type":"essay"},"r":[]},{"refid":"qqt24fe97b6b51b98","orderno":"3","text":"State the main benefits of promoting the utilisation of antenatal care services in your community.","type":"essay","props":{"maxscore":"10","type":"essay"},"r":[]},{"refid":"qqt24fe97b6b6cdb3","orderno":"4","text":"Suppose you have a group of pregnant women in your catchment area who want to know about where to go for delivery. What method of health promotion is likely to be the best in this example, and what steps should you take in organising a health education programme for these women?","type":"essay","props":{"maxscore":"10","type":"essay"},"r":[]}]}</content></activity></activities></section><section id='3'><title lang='en'>Anatomy and Physiology of the Female Reproductive System</title><activities><activity type='page' id='1' digest='15e63de84ec5b02d3a91ea6c88f451db'><title lang='en'>Intro</title><location lang='en'>03_5380.html</location></activity><activity type='page' id='2' digest='92ce87ae593640cce187c1a8373a2b80'><title lang='en'>Outcomes</title><location lang='en'>03_5381.html</location></activity><activity type='page' id='3' digest='4e2d386def68b0941fa621d83e3afc6a'><title lang='en'>Summary</title><location lang='en'>03_5382.html</location></activity><activity type='quiz' id='4' digest='a1403f3c61034c5c26ad16003bac781c'><title lang='en'>SAQs</title><content lang='en'>{"qref":"qt24fe97b6c1497b","quiztitle":"ANC 3 SAQs","quizdescription":"ANC: 3: Anatomy and Physiology of the Female Reproductive System: SAQs","maxscore":"50","lastupdate":"2012-06-26 10:05:48","q":[{"refid":"qqt24fe97b6c585d5","orderno":"1","text":"Infection in the uterus can get into the pelvic cavity through the vagina.","type":"multichoice","props":{"maxscore":"10","type":"multichoice"},"r":[{"refid":"qqrt24fe97b6c6cc69","orderno":"1","text":"true","score":"0","props":{"feedback":"It is false. Infection in the uterus can get into the pelvic cavity by passing outwards through the fallopian tubes, which are open at the ends. Infection in the uterus can pass down the vagina, and usually appears as a bad-smelling discharge from the vaginal opening in the vulva."}},{"refid":"qqrt24fe97b6c7f28c","orderno":"2","text":"false","score":"10","props":{"feedback":"Correct! It is false. Infection in the uterus can get into the pelvic cavity by passing outwards through the fallopian tubes, which are open at the ends. Infection in the uterus can pass down the vagina, and usually appears as a bad-smelling discharge from the vaginal opening in the vulva."}}]},{"refid":"qqt24fe97b6c9dc43","orderno":"2","text":"The perineum is a muscular area between the vaginal opening and the anus.","type":"multichoice","props":{"maxscore":"10","type":"multichoice"},"r":[{"refid":"qqrt24fe97b6caa000","orderno":"1","text":"true","score":"10","props":{"feedback":"Correct! It is true. The perineum is a muscular area between the vaginal opening and the anus."}},{"refid":"qqrt24fe97b6cc275c","orderno":"2","text":"false","score":"0","props":{"feedback":"It is true. The perineum is a muscular area between the vaginal opening and the anus."}}]},{"refid":"qqt24fe97b6d206cf","orderno":"3","text":"The maturation of an ovum is controlled by the female reproductive hormones.","type":"multichoice","props":{"maxscore":"10","type":"multichoice"},"r":[{"refid":"qqrt24fe97b6d30184","orderno":"1","text":"true","score":"10","props":{"feedback":"Correct! It is true. The maturation of an ovum is controlled by the female reproductive hormones."}},{"refid":"qqrt24fe97b6d488ee","orderno":"2","text":"false","score":"0","props":{"feedback":"It is true. The maturation of an ovum is controlled by the female reproductive hormones."}}]},{"refid":"qqt24fe97b6d69364","orderno":"4","text":"Glands in the cervix produce secretions which lubricate the vagina.","type":"multichoice","props":{"maxscore":"10","type":"multichoice"},"r":[{"refid":"qqrt24fe97b6d757d7","orderno":"1","text":"true","score":"10","props":{"feedback":"Correct! It is true. Glands in the cervix produce secretions which lubricate the vagina."}},{"refid":"qqrt24fe97b6d87d86","orderno":"2","text":"false","score":"0","props":{"feedback":"It is true. Glands in the cervix produce secretions which lubricate the vagina."}}]},{"refid":"qqt24fe97b6da6738","orderno":"5","text":"The fundus is the narrow \u2018neck\u2019 at the bottom of the uterus.","type":"multichoice","props":{"maxscore":"10","type":"multichoice"},"r":[{"refid":"qqrt24fe97b6db9755","orderno":"1","text":"true","score":"0","props":{"feedback":"It is false. The fundus is the name for the domed top of the uterus. The narrow neck at the bottom of the uterus is called the cervix."}},{"refid":"qqrt24fe97b6e0ee38","orderno":"2","text":"false","score":"10","props":{"feedback":"Correct! It is false. The fundus is the name for the domed top of the uterus. The narrow neck at the bottom of the uterus is called the cervix."}}]}]}</content></activity></activities></section><section id='4'><title lang='en'>Hormonal Regulation of the Female Reproductive System</title><activities><activity type='page' id='1' digest='5504903c964f9c0f6b32573ba390a204'><title lang='en'>Intro</title><location lang='en'>04_5385.html</location></activity><activity type='page' id='2' digest='0c31e0081d11d8113fcaee4d39e49ce0'><title lang='en'>Outcomes</title><location lang='en'>04_5386.html</location></activity><activity type='page' id='3' digest='062cf7e39a28e8db15e3a8be8ea1e1db'><title lang='en'>Summary</title><location lang='en'>04_5387.html</location></activity><activity type='quiz' id='4' digest='d806ca395a0656987c8b505d8978b236'><title lang='en'>SAQs</title><content lang='en'>{"qref":"qt24fe97b6e8ff76","quiztitle":"ANC 4 SAQs","quizdescription":"ANC: 4: Hormonal Regulation of the Female Reproductive System: SAQs","maxscore":"30","lastupdate":"2012-06-26 10:05:50","q":[{"refid":"qqt24fe97b6ea2ffd","orderno":"1","text":"Why do you think that a woman may feel cramping pains in her abdomen when she is menstruating?","type":"essay","props":{"maxscore":"10","type":"essay"},"r":[]},{"refid":"qqt24fe97b6ec39d7","orderno":"2","text":"Can you suggest how the relatively high concentration of artificially produced oestrogen and progesterone in contraceptive pills prevents pregnancy in women who take the pills regularly as prescribed?","type":"essay","props":{"maxscore":"10","type":"essay"},"r":[]},{"refid":"qqt24fe97b6edc184","orderno":"3","text":"Explain why menstruation stops during pregnancy.","type":"essay","props":{"maxscore":"10","type":"essay"},"r":[]}]}</content></activity></activities></section><section id='5'><title lang='en'>Fertilisation, Implantation and the Fetal and Placental Circulation</title><activities><activity type='page' id='1' digest='354f9a01a1d116c3aad72fb106470efe'><title lang='en'>Intro</title><location lang='en'>05_5391.html</location></activity><activity type='page' id='2' digest='d52378c1cf3c9f6031c52c9afec8a0df'><title lang='en'>Outcomes</title><location lang='en'>05_5392.html</location></activity><activity type='page' id='3' digest='97be0c3e90a07f8cd522964f8e452b62'><title lang='en'>Summary</title><location lang='en'>05_5393.html</location></activity><activity type='quiz' id='4' digest='54ab8e28909604cfa82f3dc3e6133739'><title lang='en'>SAQs</title><content lang='en'>{"qref":"qt24fe97b6f7c20c","quiztitle":"ANC 5 SAQs","quizdescription":"ANC: 5: Fertilisation, Implantation and the Fetal and Placental Circulation: SAQs","maxscore":"30","lastupdate":"2012-06-26 10:05:51","q":[{"refid":"qqt24fe97b6fa49e2","orderno":"1","text":"The energy for moving the sperm\u2019s tail comes from the genetic material in its head.","type":"multichoice","props":{"maxscore":"10","type":"multichoice"},"r":[{"refid":"qqrt24fe97b6fba811","orderno":"1","text":"true","score":"0","props":{"feedback":"It is false. The energy for moving the sperm\u2019s tail comes from the mitochondria in the structure between the head and the tail."}},{"refid":"qqrt24fe97b6fccdbb","orderno":"2","text":"false","score":"10","props":{"feedback":"Correct! It is false. The energy for moving the sperm\u2019s tail comes from the mitochondria in the structure between the head and the tail."}}]},{"refid":"qqt24fe97b6ff0f20","orderno":"2","text":"Contractions in the muscular walls of the uterus and fallopian tubes assist sperm to move rapidly towards the ovum.","type":"multichoice","props":{"maxscore":"10","type":"multichoice"},"r":[{"refid":"qqrt24fe97b700905e","orderno":"1","text":"true","score":"10","props":{"feedback":"Correct! It is true. Contractions in the muscular walls of the uterus and fallopian tubes assist sperm to move rapidly towards the ovum."}},{"refid":"qqrt24fe97b701e11d","orderno":"2","text":"false","score":"0","props":{"feedback":"It is true. Contractions in the muscular walls of the uterus and fallopian tubes assist sperm to move rapidly towards the ovum."}}]},{"refid":"qqt24fe97b703cacd","orderno":"3","text":"Implantation occurs when the blastocyst burrows into the endometrium and successfully establishes the early placenta.","type":"multichoice","props":{"maxscore":"10","type":"multichoice"},"r":[{"refid":"qqrt24fe97b7048eb6","orderno":"1","text":"true","score":"10","props":{"feedback":"Correct! It is true. Implantation occurs when the blastocyst burrows into the endometrium and successfully establishes the early placenta."}},{"refid":"qqrt24fe97b705b470","orderno":"2","text":"false","score":"0","props":{"feedback":"It is true. Implantation occurs when the blastocyst burrows into the endometrium and successfully establishes the early placenta."}}]}]}</content></activity></activities></section><section id='6'><title lang='en'>Anatomy of the Female Pelvis and Fetal Skull</title><activities><activity type='page' id='1' digest='6b8bbad996907add7ac3997f4749c7e3'><title lang='en'>Intro</title><location lang='en'>06_5396.html</location></activity><activity type='page' id='2' digest='7e1128384c320237974b79a4213b6896'><title lang='en'>Outcomes</title><location lang='en'>06_5397.html</location></activity><activity type='page' id='3' digest='b50660bbc3d571096491d0ca12e7c573'><title lang='en'>Summary</title><location lang='en'>06_5398.html</location></activity><activity type='quiz' id='4' digest='68e6e2ec9bb6fa1cb9a232a2ba47be9c'><title lang='en'>SAQs</title><content lang='en'>{"qref":"qt24fe97b71082c9","quiztitle":"ANC 6 SAQs","quizdescription":"ANC: 6: Anatomy of the Female Pelvis and Fetal Skull: SAQs","maxscore":"30","lastupdate":"2012-06-26 10:05:53","q":[{"refid":"qqt24fe97b711dd7f","orderno":"1","text":"The female bony pelvis is broader and flatter than the male pelvis.","type":"multichoice","props":{"maxscore":"10","type":"multichoice"},"r":[{"refid":"qqrt24fe97b712a0ab","orderno":"1","text":"true","score":"10","props":{"feedback":"Correct! It is true. The female bony pelvis is broader and flatter than the male pelvis."}},{"refid":"qqrt24fe97b713c6c7","orderno":"2","text":"false","score":"0","props":{"feedback":"It is true. The female bony pelvis is broader and flatter than the male pelvis."}}]},{"refid":"qqt24fe97b715f190","orderno":"2","text":"The pelvic inlet is narrower than the pelvic outlet.","type":"multichoice","props":{"maxscore":"10","type":"multichoice"},"r":[{"refid":"qqrt24fe97b716b555","orderno":"1","text":"true","score":"0","props":{"feedback":"It is false. The pelvic inlet is wider (not narrower) than the pelvic outlet."}},{"refid":"qqrt24fe97b717daf7","orderno":"2","text":"false","score":"10","props":{"feedback":"Correct! It is false. The pelvic inlet is wider (not narrower) than the pelvic outlet."}}]},{"refid":"qqt24fe97b71f182f","orderno":"3","text":"The iliac crest is an important landmark in measuring the progress of the fetus down the birth canal.","type":"multichoice","props":{"maxscore":"10","type":"multichoice"},"r":[{"refid":"qqrt24fe97b7228589","orderno":"1","text":"true","score":"0","props":{"feedback":"It is false. The iliac crest is the protuberance at the front of each hip bone; it is not important in measuring the progress of the fetus down the birth canal."}},{"refid":"qqrt24fe97b7242dd9","orderno":"2","text":"false","score":"10","props":{"feedback":"Correct! It is false. The iliac crest is the protuberance at the front of each hip bone; it is not important in measuring the progress of the fetus down the birth canal."}}]}]}</content></activity></activities></section><section id='7'><title lang='en'>Physiological Changes During Pregnancy</title><activities><activity type='page' id='1' digest='1a1721e1356d5d17c7434dc62e178f0b'><title lang='en'>Intro</title><location lang='en'>07_5401.html</location></activity><activity type='page' id='2' digest='4a1f5da3eb0940988ca0e39ca7ec0d3d'><title lang='en'>Outcomes</title><location lang='en'>07_5402.html</location></activity><activity type='page' id='3' digest='eb1396cbf2c5948a8223a3e6a82688d6'><title lang='en'>Summary</title><location lang='en'>07_5403.html</location></activity><activity type='quiz' id='4' digest='5055111873e1c4f2b9f8a13a96170880'><title lang='en'>SAQs</title><content lang='en'>{"qref":"qt24fe97b72e2d99","quiztitle":"ANC 7 SAQs","quizdescription":"ANC: 7: Physiological Changes During Pregnancy: SAQs","maxscore":"30","lastupdate":"2012-06-26 10:05:54","q":[{"refid":"qqt24fe97b7300ea2","orderno":"1","text":"Lying flat after a meal is recommended for pregnant women because it helps digestion.","type":"multichoice","props":{"maxscore":"10","type":"multichoice"},"r":[{"refid":"qqrt24fe97b730e887","orderno":"1","text":"true","score":"0","props":{"feedback":"It is false. Lying flat after a meal is not recommended in pregnancy and it does not help digestion. The contents of the pregnant woman\u2019s stomach will be pushed upwards into her oesophagus in her chest if she is lying down, and the acids that digest her food can cause a burning sensation known as \u2018heartburn\u2019."}},{"refid":"qqrt24fe97b7329105","orderno":"2","text":"false","score":"10","props":{"feedback":"Correct! It is false. Lying flat after a meal is not recommended in pregnancy and it does not help digestion. The contents of the pregnant woman\u2019s stomach will be pushed upwards into her oesophagus in her chest if she is lying down, and the acids that digest her food can cause a burning sensation known as \u2018heartburn\u2019."}}]},{"refid":"qqt24fe97b7347ab8","orderno":"2","text":"Frequent urination in late pregnancy is normal because the uterus pushes down on the bladder.","type":"multichoice","props":{"maxscore":"10","type":"multichoice"},"r":[{"refid":"qqrt24fe97b7353e7c","orderno":"1","text":"true","score":"10","props":{"feedback":"Correct! It is true. Frequent urination in late pregnancy is normal because the uterus pushes down on the bladder and it can hold less urine."}},{"refid":"qqrt24fe97b7366420","orderno":"2","text":"false","score":"0","props":{"feedback":"It is true. Frequent urination in late pregnancy is normal because the uterus pushes down on the bladder and it can hold less urine."}}]},{"refid":"qqt24fe97b7386ea6","orderno":"3","text":"Heart rate, stroke volume and cardiac output all increase during pregnancy.","type":"multichoice","props":{"maxscore":"10","type":"multichoice"},"r":[{"refid":"qqrt24fe97b7393242","orderno":"1","text":"true","score":"10","props":{"feedback":"Correct! It is true. Heart rate, stroke volume and cardiac output all increase during pregnancy, because the woman\u2019s larger body, uterus and the fetus all need a larger blood flow to provide them with nutrients and oxygen."}},{"refid":"qqrt24fe97b73a582c","orderno":"2","text":"false","score":"0","props":{"feedback":"It is true. Heart rate, stroke volume and cardiac output all increase during pregnancy, because the woman\u2019s larger body, uterus and the fetus all need a larger blood flow to provide them with nutrients and oxygen."}}]}]}</content></activity></activities></section><section id='8'><title lang='en'>Diagnosing Pregnancy and Learning a Pregnant Woman's History</title><activities><activity type='page' id='1' digest='689d47e4c4e086ad43947ad482a1b068'><title lang='en'>Intro</title><location lang='en'>08_5406.html</location></activity><activity type='page' id='2' digest='2ecc0a415a01e3100fb9eedfa69ad70e'><title lang='en'>Outcomes</title><location lang='en'>08_5407.html</location></activity><activity type='page' id='3' digest='f1a4e0300f07e8dc2595bafce3bf51df'><title lang='en'>Summary</title><location lang='en'>08_5408.html</location></activity><activity type='quiz' id='4' digest='f2a62f6f5aad5a2651ede76b1f95dca6'><title lang='en'>SAQs</title><content lang='en'>{"qref":"qt24fe97b7448dfb","quiztitle":"ANC 8 SAQs","quizdescription":"ANC: 8: Diagnosing Pregnancy and Learning a Pregnant Woman\u2019s History: SAQs","maxscore":"40","lastupdate":"2012-06-26 10:05:56","q":[{"refid":"qqt24fe97b745e8cd","orderno":"1","text":"Mrs X is 39 years old and has been married for 15 years. She has one child who was born 10 years ago and she is hoping very much that at last she is pregnant again. Mrs X says she and her husband have not used contraception and she doesn\u2019t think she has had any miscarriages in that time. She hasn\u2019t had her monthly bleeding for the past nine weeks. When you ask her about any changes in her body since her last menstrual period, she says she hasn\u2019t noticed anything, but she has been feeling nauseous when she first gets up in the morning and she is more tired than usual. Mrs X tells you that her first baby was born after a labour of 30 hours and he weighed 4 kilograms. She also remembers that she was given iron tablets to take, but she doesn\u2019t know why.","type":"essay","props":{"maxscore":"10","type":"essay"},"r":[]},{"refid":"qqt24fe97b747700b","orderno":"2","text":"What is wrong with asking Mrs X \u2018In your previous pregnancy, did you have pre-eclampsia\u2019?","type":"essay","props":{"maxscore":"10","type":"essay"},"r":[]},{"refid":"qqt24fe97b748f7be","orderno":"3","text":"How could asking the question in those words damage her trust in you?","type":"essay","props":{"maxscore":"10","type":"essay"},"r":[]},{"refid":"qqt24fe97b74a7f9a","orderno":"4","text":"Rewrite this question to avoid causing the problems you identified.","type":"essay","props":{"maxscore":"10","type":"essay"},"r":[]}]}</content></activity></activities></section><section id='9'><title lang='en'>General Assessment of the Pregnant Woman</title><activities><activity type='page' id='1' digest='91d9fec94e8392bd12206a30ea21d213'><title lang='en'>Intro</title><location lang='en'>09_5411.html</location></activity><activity type='page' id='2' digest='2608c57e298c85f30f2832e45aaaafe0'><title lang='en'>Outcomes</title><location lang='en'>09_5412.html</location></activity><activity type='page' id='3' digest='d50fd63f908ee2a086b73fccdbd2c499'><title lang='en'>Summary</title><location lang='en'>09_5414.html</location></activity><activity type='quiz' id='4' digest='78e71059eef893f7ea7d314865451f37'><title lang='en'>SAQs</title><content lang='en'>{"qref":"qt24fe97b755e565","quiztitle":"ANC 9 SAQs","quizdescription":"ANC: 9: General Assessment of the Pregnant Woman: SAQs","maxscore":"30","lastupdate":"2012-06-26 10:05:57","q":[{"refid":"qqt24fe97b7571493","orderno":"1","text":"Maternal goitre is caused by iron deficiency.","type":"multichoice","props":{"maxscore":"10","type":"multichoice"},"r":[{"refid":"qqrt24fe97b75823ca","orderno":"1","text":"true","score":"0","props":{"feedback":"It is false. Goitre is caused by iodine deficiency, and not by iron deficiency."}},{"refid":"qqrt24fe97b75969f3","orderno":"2","text":"false","score":"10","props":{"feedback":"Correct! It is false. Goitre is caused by iodine deficiency, and not by iron deficiency."}}]},{"refid":"qqt24fe97b75b53a7","orderno":"2","text":"Maternal diabetes often results in a big baby.","type":"multichoice","props":{"maxscore":"10","type":"multichoice"},"r":[{"refid":"qqrt24fe97b75c1779","orderno":"1","text":"true","score":"10","props":{"feedback":"Correct! It is true. Maternal diabetes often results in a big baby because the mother has too much sugar in her blood, which makes the baby fat."}},{"refid":"qqrt24fe97b75d7f44","orderno":"2","text":"false","score":"0","props":{"feedback":"It is true. Maternal diabetes often results in a big baby because the mother has too much sugar in her blood, which makes the baby fat."}}]},{"refid":"qqt24fe97b76026ad","orderno":"3","text":"Shortness of breath may be caused by anaemia, a heart problem, lung infection or a blood clot.","type":"multichoice","props":{"maxscore":"10","type":"multichoice"},"r":[{"refid":"qqrt24fe97b760ea9a","orderno":"1","text":"true","score":"10","props":{"feedback":"Correct! It is true. Shortness of breath may be caused by anaemia, a heart problem, lung infection or a blood clot."}},{"refid":"qqrt24fe97b76230ea","orderno":"2","text":"false","score":"0","props":{"feedback":"It is true. Shortness of breath may be caused by anaemia, a heart problem, lung infection or a blood clot."}}]}]}</content></activity></activities></section><section id='10'><title lang='en'>Estimating Gestational Age from Fundal Height Measurement</title><activities><activity type='page' id='1' digest='b7b89a7b80351e0cea533c4bb3e92658'><title lang='en'>Intro</title><location lang='en'>10_5417.html</location></activity><activity type='page' id='2' digest='01a22fd97deed39071678ec77d5655a6'><title lang='en'>Outcomes</title><location lang='en'>10_5418.html</location></activity><activity type='page' id='3' digest='218cf8805f1dea63f95f500371d580d6'><title lang='en'>Summary</title><location lang='en'>10_5419.html</location></activity><activity type='quiz' id='4' digest='ee2718d4dfc968b2ee2da5742d1d7717'><title lang='en'>SAQs</title><content lang='en'>{"qref":"qt24fe97b76bc050","quiztitle":"ANC 10 SAQs","quizdescription":"ANC: 10: Estimating Gestational Age from Fundal Height Measurement: SAQs","maxscore":"30","lastupdate":"2012-06-26 10:05:58","q":[{"refid":"qqt24fe97b76da12a","orderno":"1","text":"Abebech is a pregnant woman, whose duration of gestation based on her last normal menstrual period (LNMP) is six months. When you examine her, you can feel that the fundus is four finger-widths above her bellybutton and you can hear a fetal heartbeat clearly. What is your assessment of the gestational age in months of Abebech\u2019s baby using fundal height measurement?","type":"shortanswer","props":{"maxscore":"10","type":"shortanswer"},"r":[{"refid":"qqrt24fe97b7725f83","orderno":"1","text":"7","score":"10","props":{"feedback":"Correct. The gestational age based on the fundal height measurement is seven months."}}]},{"refid":"qqt24fe97b7768e6a","orderno":"2","text":"How many centimetres would Abebech\u2019s abdomen measure from her pubic bone to the top of her uterus in order to confirm your fundal height measurement?","type":"shortanswer","props":{"maxscore":"10","type":"shortanswer"},"r":[{"refid":"qqrt24fe97b7775225","orderno":"1","text":"28:2","score":"10","props":{"feedback":"Correct. If Abebech is really seven months pregnant, you would expect her abdomen to measure about 28 cm from her pubic bone to the top of the uterus, i.e. approximately one centimetre for each week of pregnancy dated from the LNMP. Remember the measurement may range from 26-30 cm."}},{"refid":"qqrt24fe97b7795250","orderno":"2","text":"28:27","score":"10","props":{"feedback":"Try again!"}}]},{"refid":"qqt24fe97b77b3be3","orderno":"3","text":"Is the gestational age of Abebech\u2019s baby based on fundal height measurement consistent with the gestational age calculated from her LNMP?","type":"multichoice","props":{"maxscore":"10","type":"multichoice"},"r":[{"refid":"qqrt24fe97b77c0a0d","orderno":"1","text":"true","score":"0","props":{"feedback":"It is false.The gestational age based on fundal height is one month more than expected from the date of the LNMP. Therefore, the uterus is bigger than expected from the date of the LNMP."}},{"refid":"qqrt24fe97b77d710f","orderno":"2","text":"false","score":"10","props":{"feedback":"Correct! It is false. The gestational age based on fundal height is one month more than expected from the date of the LNMP. Therefore, the uterus is bigger than expected from the date of the LNMP."}}]}]}</content></activity></activities></section><section id='11'><title lang='en'>Assessing the Fetus</title><activities><activity type='page' id='1' digest='86e671d5521ef5b5fad6465a23ff1933'><title lang='en'>Intro</title><location lang='en'>11_5422.html</location></activity><activity type='page' id='2' digest='13aba44b7948a05132e341b24f85ecde'><title lang='en'>Outcomes</title><location lang='en'>11_5423.html</location></activity><activity type='page' id='3' digest='19686d4623574872209b4879d180af0c'><title lang='en'>Summary</title><location lang='en'>11_5424.html</location></activity><activity type='quiz' id='4' digest='bd01da02149f3786a1a78175d5aeaea3'><title lang='en'>SAQs</title><content lang='en'>{"qref":"qt24fe97b788f223","quiztitle":"ANC 11 SAQs","quizdescription":"ANC: 11: Assessing the Fetus: SAQs","maxscore":"30","lastupdate":"2012-06-26 10:06:00","q":[{"refid":"qqt24fe97b78bd5c9","orderno":"1","text":"Listening to the fetal heartbeat using a stethoscope is called auscultation.","type":"multichoice","props":{"maxscore":"10","type":"multichoice"},"r":[{"refid":"qqrt24fe97b78caf55","orderno":"1","text":"true","score":"10","props":{"feedback":"Correct! Listening to the fetal heart beat using a stethoscope is called auscultation."}},{"refid":"qqrt24fe97b78dd52f","orderno":"2","text":"false","score":"0","props":{"feedback":"It is true. Listening to the fetal heart beat using a stethoscope is called auscultation."}}]},{"refid":"qqt24fe97b79223be","orderno":"2","text":"When the fetal head is down and the bottom of the fetus is up in the fundus, it is called a vertical lie.","type":"multichoice","props":{"maxscore":"10","type":"multichoice"},"r":[{"refid":"qqrt24fe97b793f73e","orderno":"1","text":"true","score":"10","props":{"feedback":"Correct! When the fetal head is down and the bottom of the fetus is up in the fundus, it is called a vertical lie."}},{"refid":"qqrt24fe97b7962175","orderno":"2","text":"false","score":"0","props":{"feedback":"It is true. When the fetal head is down and the bottom of the fetus is up in the fundus, it is called a vertical lie."}}]},{"refid":"qqt24fe97b7986c7d","orderno":"3","text":"In a vertex presentation, the presenting part is the baby\u2019s bottom.","type":"multichoice","props":{"maxscore":"10","type":"multichoice"},"r":[{"refid":"qqrt24fe97b79a35ba","orderno":"1","text":"true","score":"0","props":{"feedback":"It is false. In a vertex presentation, the presenting part is the baby\u2019s head."}},{"refid":"qqrt24fe97b79bbd6b","orderno":"2","text":"false","score":"10","props":{"feedback":"Correct! It is false. In a vertex presentation, the presenting part is the baby\u2019s head."}}]}]}</content></activity></activities></section><section id='12'><title lang='en'>Minor Disorders of Pregnancy</title><activities><activity type='page' id='1' digest='0f49a9329013fa864f842f031f093c5a'><title lang='en'>Intro</title><location lang='en'>12_5427.html</location></activity><activity type='page' id='2' digest='d6904bb100ed287699165d959b4c2cd3'><title lang='en'>Outcomes</title><location lang='en'>12_5428.html</location></activity><activity type='page' id='3' digest='4466b1555c25e2aa663b787afa723c3d'><title lang='en'>Summary</title><location lang='en'>12_5429.html</location></activity><activity type='quiz' id='4' digest='73399a74400e7cfa0ae4153ff73ec76c'><title lang='en'>SAQs</title><content lang='en'>{"qref":"qt24fe97b7a731d4","quiztitle":"ANC 12 SAQs","quizdescription":"ANC: 12: Minor Disorders of Pregnancy: SAQs","maxscore":"30","lastupdate":"2012-06-26 10:06:02","q":[{"refid":"qqt24fe97b7a87344","orderno":"1","text":"A 22-year old pregnant woman at 34 weeks of gestation tells you that she craves to eat clay soil. She also tells you that she has developed darker brown patches on her face, and that her feet and ankles swell up during the day. Identify the minor disorders of pregnancy this woman is displaying, using their medical names.","type":"essay","props":{"maxscore":"10","type":"essay"},"r":[]},{"refid":"qqt24fe97b7aa1fe0","orderno":"2","text":"What advice should you give her to manage her symptoms?","type":"essay","props":{"maxscore":"10","type":"essay"},"r":[]},{"refid":"qqt24fe97b7aba764","orderno":"3","text":"Match the correct management with each of the disorders.","type":"matching","props":{"maxscore":"10","type":"matching"},"r":[{"refid":"qqrt24fe97b7ac8c15","orderno":"1","text":"Haemorrhoids -&gt; Eat a lot of vegetables and fruits, and sit in a cool bath","score":"1.66667","props":{"feedback":""}},{"refid":"qqrt24fe97b7adb1ed","orderno":"2","text":"Insomnia -&gt; Drink herbal teas that help her to sleep","score":"1.66667","props":{"feedback":""}},{"refid":"qqrt24fe97b7aed791","orderno":"3","text":"Leg cramps -&gt; Flex the foot and gently stroke the leg","score":"1.66667","props":{"feedback":""}},{"refid":"qqrt24fe97b7b0bb52","orderno":"4","text":"Mild headache -&gt; Take two paracetamol tablets with a glass of water","score":"1.66667","props":{"feedback":""}},{"refid":"qqrt24fe97b7b1e0ca","orderno":"5","text":"Varicosities in the legs -&gt; Put the feet up and wear strong stockings","score":"1.66667","props":{"feedback":""}},{"refid":"qqrt24fe97b7b35e3f","orderno":"6","text":"Sweating a lot -&gt; Dress in cool clothes, bathe frequently, and use a fan","score":"1.66667","props":{"feedback":""}}]}]}</content></activity></activities></section><section id='13'><title lang='en'>Providing Focused Antenatal Care</title><activities><activity type='page' id='1' digest='286f6fc8cf742cec17b779b26d18d038'><title lang='en'>Intro</title><location lang='en'>13_5432.html</location></activity><activity type='page' id='2' digest='53e90dd800c63240725cec8c0a77d79c'><title lang='en'>Outcomes</title><location lang='en'>13_5433.html</location></activity><activity type='page' id='3' digest='c7cf506575ca19076a2a84ef897f1639'><title lang='en'>Summary</title><location lang='en'>13_5434.html</location></activity><activity type='quiz' id='4' digest='c187b75425245e56f7728cc9d8b1ef8e'><title lang='en'>SAQs</title><content lang='en'>{"qref":"qt24fe97b7bddbb2","quiztitle":"ANC 13 SAQs","quizdescription":"ANC: 13: Providing Focused Antenatal Care: SAQs","maxscore":"30","lastupdate":"2012-06-26 10:06:03","q":[{"refid":"qqt24fe97b7bf3581","orderno":"1","text":"Focused antenatal care focuses on the pregnant woman alone.","type":"multichoice","props":{"maxscore":"10","type":"multichoice"},"r":[{"refid":"qqrt24fe97b7c1fd28","orderno":"1","text":"true","score":"0","props":{"feedback":"It is false. Focused antenatal care does not focus on the pregnant woman alone (this used to happen in the traditional approach). FANC includes the woman\u2019s partner and if possible the whole family in caring for her during pregnancy, watching for danger symptoms, and preparing for the birth, complication readiness and emergency planning."}},{"refid":"qqrt24fe97b7c343ae","orderno":"2","text":"false","score":"10","props":{"feedback":"Correct! It is false. Focused antenatal care does not focus on the pregnant woman alone (this used to happen in the traditional approach). FANC includes the woman\u2019s partner and if possible the whole family in caring for her during pregnancy, watching for danger symptoms, and preparing for the birth, complication readiness and emergency planning."}}]},{"refid":"qqt24fe97b7c56e61","orderno":"2","text":"Women in the basic component receive only 4 FANC visits, unless warning signs or symptoms are detected at any stage.","type":"multichoice","props":{"maxscore":"10","type":"multichoice"},"r":[{"refid":"qqrt24fe97b7c6325f","orderno":"1","text":"true","score":"10","props":{"feedback":"Correct! It is true. Women in the basic component receive only 4 FANC visits, unless warning signs or symptoms are detected at any stage."}},{"refid":"qqrt24fe97b7c78328","orderno":"2","text":"false","score":"0","props":{"feedback":"It is true. Women in the basic component receive only 4 FANC visits, unless warning signs or symptoms are detected at any stage."}}]},{"refid":"qqt24fe97b7c9add4","orderno":"3","text":"Pregnant women do not need to prepare any equipment for labour and delivery.","type":"multichoice","props":{"maxscore":"10","type":"multichoice"},"r":[{"refid":"qqrt24fe97b7ca71dc","orderno":"1","text":"true","score":"0","props":{"feedback":"It is false. A pregnant woman should prepare for labour and delivery by assembling very clean cloths, a new razor blade, very clean new string, soap and a scrubbing brush, clean water for washing and drinking, buckets and bowls, supplies for making drinks, and a flashlight."}},{"refid":"qqrt24fe97b7ce386c","orderno":"2","text":"false","score":"10","props":{"feedback":"Correct! It is false. A pregnant woman should prepare for labour and delivery by assembling very clean cloths, a new razor blade, very clean new string, soap and a scrubbing brush, clean water for washing and drinking, buckets and bowls, supplies for making drinks, and a flashlight.."}}]}]}</content></activity></activities></section><section id='14'><title lang='en'>Health Promotion Issues During Pregnancy</title><activities><activity type='page' id='1' digest='3b54137d4f84b48a782c2dc6c1446f50'><title lang='en'>Intro</title><location lang='en'>14_5436.html</location></activity><activity type='page' id='2' digest='33cf110f49766d77ba0db75ff5aeda92'><title lang='en'>Outcomes</title><location lang='en'>14_5437.html</location></activity><activity type='page' id='3' digest='ea0b71ea1f2162f339d55cb9d80a22c1'><title lang='en'>Summary</title><location lang='en'>14_5438.html</location></activity><activity type='quiz' id='4' digest='8ffa109b81f9d75426f234c763d72601'><title lang='en'>SAQs</title><content lang='en'>{"qref":"qt24fe97b7d99e9c","quiztitle":"ANC 14 SAQs","quizdescription":"ANC: 14: Health Promotion Issues During Pregnancy: SAQs","maxscore":"30","lastupdate":"2012-06-26 10:06:05","q":[{"refid":"qqt24fe97b7dacdb7","orderno":"1","text":"Breastfeeding is 100% effective at preventing a further pregnancy.","type":"multichoice","props":{"maxscore":"10","type":"multichoice"},"r":[{"refid":"qqrt24fe97b7db9149","orderno":"1","text":"true","score":"0","props":{"feedback":"It is false. Breastfeeding is not 100% effective at preventing a further pregnancy; full and exclusive breastfeeding gives good protection from pregnancy but cannot be relied on as 100% effective \u2014especially not after 6 months from the birth or if menstrual periods return."}},{"refid":"qqrt24fe97b7dcb6c6","orderno":"2","text":"false","score":"10","props":{"feedback":"Correct! It is false. Breastfeeding is not 100% effective at preventing a further pregnancy; full and exclusive breastfeeding gives good protection from pregnancy but cannot be relied on as 100% effective \u2014especially not after 6 months from the birth or if menstrual periods return."}}]},{"refid":"qqt24fe97b7decb7e","orderno":"2","text":"Colostrum should be fed to the newborn baby, not thrown away.","type":"multichoice","props":{"maxscore":"10","type":"multichoice"},"r":[{"refid":"qqrt24fe97b7e04d6b","orderno":"1","text":"true","score":"10","props":{"feedback":"Correct! It is true. Colostrum should always be fed to the baby because it is very nutritious and gives protection against infection."}},{"refid":"qqrt24fe97b7e17333","orderno":"2","text":"false","score":"0","props":{"feedback":"It is true. Colostrum should always be fed to the baby because it is very nutritious and gives protection against infection."}}]},{"refid":"qqt24fe97b7e35ce2","orderno":"3","text":"Early and exclusive breastfeeding means feeding only breastmilk from the first hour of the baby\u2019s life until at least 6 months of age.","type":"multichoice","props":{"maxscore":"10","type":"multichoice"},"r":[{"refid":"qqrt24fe97b7e420af","orderno":"1","text":"true","score":"10","props":{"feedback":"Correct! It is true. Early and exclusive breastfeeding means feeding only breast milk from the first hour of the baby\u2019s life until at least 6 months of age."}},{"refid":"qqrt24fe97b7e54686","orderno":"2","text":"false","score":"0","props":{"feedback":"It is true. Early and exclusive breastfeeding means feeding only breast milk from the first hour of the baby\u2019s life until at least 6 months of age."}}]}]}</content></activity></activities></section><section id='15'><title lang='en'>Counselling Pregnant Women on Danger Symptoms</title><activities><activity type='page' id='1' digest='022885e9d477c1c68f22694c3464b96c'><title lang='en'>Intro</title><location lang='en'>15_5441.html</location></activity><activity type='page' id='2' digest='4169a8808ecad0abe40551dca17cc279'><title lang='en'>Outcomes</title><location lang='en'>15_5442.html</location></activity><activity type='page' id='3' digest='185f66982748b9978a626276eb69a0bd'><title lang='en'>Summary</title><location lang='en'>15_5443.html</location></activity><activity type='quiz' id='4' digest='066ef703f8a56ba52b7cea0c64cf66ec'><title lang='en'>SAQs</title><content lang='en'>{"qref":"qt24fe97b7f03a74","quiztitle":"ANC 15 SAQs","quizdescription":"ANC: 15: Counselling Pregnant Women on Danger Symptoms: SAQs","maxscore":"30","lastupdate":"2012-06-26 10:06:07","q":[{"refid":"qqt24fe97b7f1533c","orderno":"1","text":"A  Saying welcome, showing a smiling face, letting her express her concerns and doubts, helps the mother feel comfortable and develop confidence in you.","type":"multichoice","props":{"maxscore":"10","type":"multichoice"},"r":[{"refid":"qqrt24fe97b7f216b4","orderno":"1","text":"true","score":"10","props":{"feedback":"Correct! It is true. Welcoming the mother, smiling and letting her express her concerns and doubts, helps her to feel comfortable and develops confidence in you."}},{"refid":"qqrt24fe97b7f4ad32","orderno":"2","text":"false","score":"0","props":{"feedback":"It is true. Welcoming the mother, smiling and letting her express her concerns and doubts, helps her to feel comfortable and develops confidence in you."}}]},{"refid":"qqt24fe97b7f696d3","orderno":"2","text":"You have to tell her that unless she comes on the day of her scheduled appointment, you will not see her at any other time.","type":"multichoice","props":{"maxscore":"10","type":"multichoice"},"r":[{"refid":"qqrt24fe97b7f75ab2","orderno":"1","text":"true","score":"0","props":{"feedback":"It is false. It is not an easy task always to come on the day of appointment for the majority of rural Ethiopian pregnant women, who typically have many personal and social responsibilities at home. It is their right to come earlier or later than the appointed date, or even not to come at all. It is the duty and responsibility of any health professional to say welcome with open hands at whatever time and date women come for their antenatal check-up."}},{"refid":"qqrt24fe97b7f88091","orderno":"2","text":"false","score":"10","props":{"feedback":"Correct! It is false. It is not an easy task always to come on the day of appointment for the majority of rural Ethiopian pregnant women, who typically have many personal and social responsibilities at home. It is their right to come earlier or later than the appointed date, or even not to come at all. It is the duty and responsibility of any health professional to say welcome with open hands at whatever time and date women come for their antenatal check-up."}}]},{"refid":"qqt24fe97b7fa6a42","orderno":"3","text":"You should not allow her to ask questions till you finish telling her what she needs to know.","type":"multichoice","props":{"maxscore":"10","type":"multichoice"},"r":[{"refid":"qqrt24fe97b7fb4e9d","orderno":"1","text":"true","score":"0","props":{"feedback":"It is false.The health service is primarily the client\u2019s\/patient\u2019s business. The duty of the health professionals is to deliver a service which makes the client comfortable and satisfied. With that understanding, you have to be prepared to receive questions and do the best to encourage women to raise any questions which are not clear for them."}},{"refid":"qqrt24fe97b7fc747c","orderno":"2","text":"false","score":"10","props":{"feedback":"Correct! It is false. The health service is primarily the client\u2019s\/patient\u2019s business. The duty of the health professionals is to deliver a service which makes the client comfortable and satisfied. With that understanding, you have to be prepared to receive questions and do the best to encourage women to raise any questions which are not clear for them."}}]}]}</content></activity></activities></section><section id='16'><title lang='en'>Antenatal Interventions to Reduce Mother to Child Transmission of HIV</title><activities><activity type='page' id='1' digest='bd1aee1403bdacfd88bc0ed69ded9708'><title lang='en'>Intro</title><location lang='en'>16_5446.html</location></activity><activity type='page' id='2' digest='10900c929339ce1a74e101e9a81e7571'><title lang='en'>Outcomes</title><location lang='en'>16_5447.html</location></activity><activity type='page' id='3' digest='530d92122b195898898f4fe193ae8034'><title lang='en'>Summary</title><location lang='en'>16_5448.html</location></activity><activity type='quiz' id='4' digest='760ea799cb84ada6b632eae17509311d'><title lang='en'>SAQs</title><content lang='en'>{"qref":"qt24fe97b807cf9b","quiztitle":"ANC 16 SAQs","quizdescription":"ANC: 16: Antenatal Interventions to Reduce Mother to Child Transmission of HIV: SAQs","maxscore":"30","lastupdate":"2012-06-26 10:06:08","q":[{"refid":"qqt24fe97b8092a2a","orderno":"1","text":"A woman has sexual intercourse with a man who is HIV-positive. She is tested for HIV infection two weeks after this sexual intercourse. Her HIV test is negative. Should you trust this result?","type":"multichoice","props":{"maxscore":"10","type":"multichoice"},"r":[{"refid":"qqrt24fe97b80a6ff1","orderno":"1","text":"yes","score":"0","props":{"feedback":"No, you should not trust the result. The woman could be in the window period of HIV infection, so the HIV test may give a negative result even if she was infected with HIV from this sexual intercourse."}},{"refid":"qqrt24fe97b80bf72d","orderno":"2","text":"no","score":"10","props":{"feedback":"Correct! No, you should not trust the result. The woman could be in the window period of HIV infection, so the HIV test may give a negative result even if she was infected with HIV from this sexual intercourse."}}]},{"refid":"qqt24fe97b81680ee","orderno":"2","text":"Many factors increase the risk of MTCT during the antenatal period. What do these factors have in common? Give two examples.","type":"essay","props":{"maxscore":"10","type":"essay"},"r":[]},{"refid":"qqt24fe97b8188ac9","orderno":"3","text":"A pregnant woman refuses an HIV test. Is there any more you can do?","type":"essay","props":{"maxscore":"10","type":"essay"},"r":[]}]}</content></activity></activities></section><section id='17'><title lang='en'>Premature Rupture of Membranes (PROM)</title><activities><activity type='page' id='1' digest='e750edb4d852b7a604824ab8510e7372'><title lang='en'>Intro</title><location lang='en'>17_5451.html</location></activity><activity type='page' id='2' digest='f07a9f4b45a28ffbed1b26120f3a629a'><title lang='en'>Outcomes</title><location lang='en'>17_5452.html</location></activity><activity type='page' id='3' digest='698474d9b627d09fa85f061748089a51'><title lang='en'>Summary</title><location lang='en'>17_5453.html</location></activity><activity type='quiz' id='4' digest='89b09dd730dfee179981a44cdc2d4544'><title lang='en'>SAQs</title><content lang='en'>{"qref":"qt24fe97b8215a88","quiztitle":"ANC 17 SAQs","quizdescription":"ANC: 17: Premature Rupture of Membranes (PROM): SAQs","maxscore":"30","lastupdate":"2012-06-26 10:06:10","q":[{"refid":"qqt24fe97b8230bd4","orderno":"1","text":"Infection in the uterus may cause PROM and may also be a complication following PROM.","type":"multichoice","props":{"maxscore":"10","type":"multichoice"},"r":[{"refid":"qqrt24fe97b8253fbd","orderno":"1","text":"true","score":"10","props":{"feedback":"Correct! It is true. Infection in the uterus may cause PROM and may also be a complication following PROM."}},{"refid":"qqrt24fe97b8268661","orderno":"2","text":"false","score":"0","props":{"feedback":"It is true. Infection in the uterus may cause PROM and may also be a complication following PROM."}}]},{"refid":"qqt24fe97b829b60e","orderno":"2","text":"PROM may occur if the uterus is over-stretched by malpresentation of the fetus, multiple pregnancy or excess amniotic fluid.","type":"multichoice","props":{"maxscore":"10","type":"multichoice"},"r":[{"refid":"qqrt24fe97b82a79f0","orderno":"1","text":"true","score":"10","props":{"feedback":"Correct! It is true. Prom may occur if the uterus is over-stretched by malpresentation of the fetus, multiple pregnancy or excess amniotic fluid."}},{"refid":"qqrt24fe97b82b9faf","orderno":"2","text":"false","score":"0","props":{"feedback":"It is true. Prom may occur if the uterus is over-stretched by malpresentation of the fetus, multiple pregnancy or excess amniotic fluid."}}]},{"refid":"qqt24fe97b82d897d","orderno":"3","text":"Cervical incompetence in combination with PROM can be a cause of umbilical cord prolapse.","type":"multichoice","props":{"maxscore":"10","type":"multichoice"},"r":[{"refid":"qqrt24fe97b82e4d4d","orderno":"1","text":"true","score":"10","props":{"feedback":"Correct! It is true. Cervical incompetence in combination with PROM can be a cause of umbilical cord prolapse."}},{"refid":"qqrt24fe97b83030eb","orderno":"2","text":"false","score":"0","props":{"feedback":"It is true. Cervical incompetence in combination with PROM can be a cause of umbilical cord prolapse."}}]}]}</content></activity></activities></section><section id='18'><title lang='en'>Common Medical Disorders in Pregnancy</title><activities><activity type='page' id='1' digest='d18eb300041bfdbbc4bd3343e3b88c28'><title lang='en'>Intro</title><location lang='en'>18_5456.html</location></activity><activity type='page' id='2' digest='bb8c52526c04ccabc5290db39e190e00'><title lang='en'>Outcomes</title><location lang='en'>18_5457.html</location></activity><activity type='page' id='3' digest='5943e89fdffed56c495b38a361e58769'><title lang='en'>Summary</title><location lang='en'>18_5458.html</location></activity><activity type='quiz' id='4' digest='f9325276142960a19c6e42af2556639a'><title lang='en'>SAQs</title><content lang='en'>{"qref":"qt24fe97b8393e34","quiztitle":"ANC 18 SAQs","quizdescription":"ANC: 18: Common Medical Disorders in Pregnancy: SAQs","maxscore":"30","lastupdate":"2012-06-26 10:06:11","q":[{"refid":"qqt24fe97b83a61c5","orderno":"1","text":"The risk of a UTI can be reduced by washing hands and genitals properly.","type":"multichoice","props":{"maxscore":"10","type":"multichoice"},"r":[{"refid":"qqrt24fe97b83b255b","orderno":"1","text":"true","score":"10","props":{"feedback":"Correct! It is true. The risk of urinary tract infection (UTI) can be reduced by washing hands and genitals properly."}},{"refid":"qqrt24fe97b83c4fd7","orderno":"2","text":"false","score":"0","props":{"feedback":"It is true. The risk of urinary tract infection (UTI) can be reduced by washing hands and genitals properly."}}]},{"refid":"qqt24fe97b83e396f","orderno":"2","text":"A woman is more likely to get infections of the urethra, bladder or kidneys during pregnancy than at other times.","type":"multichoice","props":{"maxscore":"10","type":"multichoice"},"r":[{"refid":"qqrt24fe97b83efd57","orderno":"1","text":"true","score":"10","props":{"feedback":"Correct! It is true. A pregnant woman is more likely to get a UTI than when she is not pregnant."}},{"refid":"qqrt24fe97b84142bd","orderno":"2","text":"false","score":"0","props":{"feedback":"It is true. A pregnant woman is more likely to get a UTI than when she is not pregnant."}}]},{"refid":"qqt24fe97b8432c6d","orderno":"3","text":"It is important to give iron tablets to prevent anaemia only at the first antenatal visit.","type":"multichoice","props":{"maxscore":"10","type":"multichoice"},"r":[{"refid":"qqrt24fe97b843f02f","orderno":"1","text":"true","score":"0","props":{"feedback":"It is false. Encouraging a woman with a UTI to drink fluids every hour while she is awake will help to reduce her bladder infection."}},{"refid":"qqrt24fe97b8451631","orderno":"2","text":"false","score":"10","props":{"feedback":"Correct! It is false. Encouraging a woman with a UTI to drink fluids every hour while she is awake will help to reduce her bladder infection."}}]}]}</content></activity></activities></section><section id='19'><title lang='en'>Hypertensive Disorders of Pregnancy</title><activities><activity type='page' id='1' digest='b9b5357174f5a7553419e96f3125ee67'><title lang='en'>Intro</title><location lang='en'>19_5461.html</location></activity><activity type='page' id='2' digest='d1ba99c95ce89c4c578923ca76498689'><title lang='en'>Outcomes</title><location lang='en'>19_5462.html</location></activity><activity type='page' id='3' digest='a28a43ae6008dab926051dff4fc25bc9'><title lang='en'>Summary</title><location lang='en'>19_5463.html</location></activity><activity type='quiz' id='4' digest='846fedd4c92d18612314f5f0bd70a2d9'><title lang='en'>SAQs</title><content lang='en'>{"qref":"qt24fe97b85155f7","quiztitle":"ANC 19 SAQs","quizdescription":"ANC: 19: Hypertensive Disorders of Pregnancy: SAQs","maxscore":"30","lastupdate":"2012-06-26 10:06:13","q":[{"refid":"qqt24fe97b85284af","orderno":"1","text":"When the muscular walls of the blood vessels all over a woman\u2019s body contract, the space inside the vessels becomes larger so her blood pressure falls.","type":"multichoice","props":{"maxscore":"10","type":"multichoice"},"r":[{"refid":"qqrt24fe97b853481c","orderno":"1","text":"true","score":"0","props":{"feedback":"It is false. When the muscular walls of the blood vessels all over a woman\u2019s body contract, the space inside the vessels becomes smaller so her blood pressure rises."}},{"refid":"qqrt24fe97b8546e01","orderno":"2","text":"false","score":"10","props":{"feedback":"Correct! It is false. When the muscular walls of the blood vessels all over a woman\u2019s body contract, the space inside the vessels becomes smaller so her blood pressure rises."}}]},{"refid":"qqt24fe97b856c3cb","orderno":"2","text":"Hypertension during pregnancy reduces the blood supply from the endometrial arteries in the mother\u2019s uterus to the fetus via the placenta.","type":"multichoice","props":{"maxscore":"10","type":"multichoice"},"r":[{"refid":"qqrt24fe97b858c262","orderno":"1","text":"true","score":"10","props":{"feedback":"Correct! It is true. Hypertension during pregnancy reduces the blood supply from the endometrial arteries in the mother\u2019s uterus to the fetus via the placenta."}},{"refid":"qqrt24fe97b85a1379","orderno":"2","text":"false","score":"0","props":{"feedback":"It is true. Hypertension during pregnancy reduces the blood supply from the endometrial arteries in the mother\u2019s uterus to the fetus via the placenta."}}]},{"refid":"qqt24fe97b85dc4d1","orderno":"3","text":"Hypertension reduces the amount of amniotic fluid surrounding the fetus, because the blood flow to the baby\u2019s kidneys is reduced so it makes less urine.","type":"multichoice","props":{"maxscore":"10","type":"multichoice"},"r":[{"refid":"qqrt24fe97b862d68c","orderno":"1","text":"true","score":"10","props":{"feedback":"Correct! It is true. Hypertension reduces the amount of amniotic fluid surrounding the fetus, because the blood flow to the baby\u2019s kidneys is reduce so it makes less urine. In late pregnancy, most of the amniotic fluid comes from the baby\u2019s urine."}},{"refid":"qqrt24fe97b8643d3b","orderno":"2","text":"false","score":"0","props":{"feedback":"It is true. Hypertension reduces the amount of amniotic fluid surrounding the fetus, because the blood flow to the baby\u2019s kidneys is reduce so it makes less urine. In late pregnancy, most of the amniotic fluid comes from the baby\u2019s urine."}}]}]}</content></activity></activities></section><section id='20'><title lang='en'>Abortion and other Causes of Early Pregnancy Bleeding</title><activities><activity type='page' id='1' digest='beb224344734aa7c821beff6717177d3'><title lang='en'>Intro</title><location lang='en'>20_5466.html</location></activity><activity type='page' id='2' digest='bc3673ca67a7930f3c802b90387f2b02'><title lang='en'>Outcomes</title><location lang='en'>20_5467.html</location></activity><activity type='page' id='3' digest='389d8db0ba0269d63ab6831b10da7424'><title lang='en'>Summary</title><location lang='en'>20_5468.html</location></activity><activity type='quiz' id='4' digest='b1a83ca587f76b3dc8f0340c620bb957'><title lang='en'>SAQs</title><content lang='en'>{"qref":"qt24fe97b86f1db3","quiztitle":"ANC 20 SAQs","quizdescription":"ANC: 20: Abortion and other Causes of Early Pregnancy Bleeding: SAQs","maxscore":"30","lastupdate":"2012-06-26 10:06:14","q":[{"refid":"qqt24fe97b8731d6a","orderno":"1","text":"There is no need to refer all incomplete abortion cases to the next higher health facility.","type":"multichoice","props":{"maxscore":"10","type":"multichoice"},"r":[{"refid":"qqrt24fe97b873e0fd","orderno":"1","text":"true","score":"0","props":{"feedback":"It is false. All women with an incomplete abortion should be referred to the next higher health facility. If you leave an incomplete abortion without treatment for some time there is an increased risk that it will be complicated with infection and this could be life-threatening for the woman."}},{"refid":"qqrt24fe97b87506c4","orderno":"2","text":"false","score":"10","props":{"feedback":"Correct! It is false. All women with an incomplete abortion should be referred to the next higher health facility. If you leave an incomplete abortion without treatment for some time there is an increased risk that it will be complicated with infection and this could be life-threatening for the woman."}}]},{"refid":"qqt24fe97b878b82b","orderno":"2","text":"In a complete abortion the tissue inside the uterus has been entirely expelled and the cervix has closed.","type":"multichoice","props":{"maxscore":"10","type":"multichoice"},"r":[{"refid":"qqrt24fe97b8797c17","orderno":"1","text":"true","score":"10","props":{"feedback":"Correct! It is true. In a complete abortion the tissue inside the uterus has been entirely expelled and the cervix has closed."}},{"refid":"qqrt24fe97b87b0395","orderno":"2","text":"false","score":"0","props":{"feedback":"It is true. In a complete abortion the tissue inside the uterus has been entirely expelled and the cervix has closed."}}]},{"refid":"qqt24fe97b87ced44","orderno":"3","text":"Women whose abortion is complete will not be able to get pregnant again for some months.","type":"multichoice","props":{"maxscore":"10","type":"multichoice"},"r":[{"refid":"qqrt24fe97b87db133","orderno":"1","text":"true","score":"0","props":{"feedback":"It is false. Women whose abortion is complete can get pregnant again quickly, because fertility returns within two to four weeks."}},{"refid":"qqrt24fe97b87ed6ee","orderno":"2","text":"false","score":"10","props":{"feedback":"Correct! It is false. Women whose abortion is complete can get pregnant again quickly, because fertility returns within two to four weeks."}}]}]}</content></activity></activities></section><section id='21'><title lang='en'>Late Pregnancy Bleeding</title><activities><activity type='page' id='1' digest='f8a7d8b45b29f59ac10e2d96502d5905'><title lang='en'>Intro</title><location lang='en'>21_5471.html</location></activity><activity type='page' id='2' digest='eb8f15a95f8e03d04c538ce4c30b357b'><title lang='en'>Outcomes</title><location lang='en'>21_5472.html</location></activity><activity type='page' id='3' digest='6db3a54ae4573088cb07475e23f72405'><title lang='en'>Summary</title><location lang='en'>21_5473.html</location></activity><activity type='quiz' id='4' digest='a8f0f23acaa13abd3f4ae42ec916dfb3'><title lang='en'>SAQs</title><content lang='en'>{"qref":"qt24fe97b88af026","quiztitle":"ANC 21 SAQs","quizdescription":"ANC: 21: Late Pregnancy Bleeding: SAQs","maxscore":"30","lastupdate":"2012-06-26 10:06:16","q":[{"refid":"qqt24fe97b88c13a5","orderno":"1","text":"You can do a vaginal examination for a pregnant women who comes to you with vaginal bleeding at gestational age of 37 weeks.","type":"multichoice","props":{"maxscore":"10","type":"multichoice"},"r":[{"refid":"qqrt24fe97b88cd739","orderno":"1","text":"true","score":"0","props":{"feedback":"It is false. You should never do a vaginal examination on a woman with late pregnancy bleeding (i.e. after 28 weeks of gestation)."}},{"refid":"qqrt24fe97b88dfcfe","orderno":"2","text":"false","score":"10","props":{"feedback":"Correct! It is false. You should never do a vaginal examination on a woman with late pregnancy bleeding (i.e. after 28 weeks of gestation)."}}]},{"refid":"qqt24fe97b890a454","orderno":"2","text":"Premature separation of a normally implanted placenta always results in external bleeding.","type":"multichoice","props":{"maxscore":"10","type":"multichoice"},"r":[{"refid":"qqrt24fe97b8918886","orderno":"1","text":"true","score":"0","props":{"feedback":"It is false. Premature separation of a normally implanted placenta may result in external bleeding, but it may also cause internal bleeding."}},{"refid":"qqrt24fe97b892aeaa","orderno":"2","text":"false","score":"10","props":{"feedback":"Correct! It is false. Premature separation of a normally implanted placenta may result in external bleeding, but it may also cause internal bleeding."}}]},{"refid":"qqt24fe97b8949888","orderno":"3","text":"Placenta previa is when the placenta is attached close to or covering the cervix.","type":"multichoice","props":{"maxscore":"10","type":"multichoice"},"r":[{"refid":"qqrt24fe97b8955c77","orderno":"1","text":"true","score":"10","props":{"feedback":"Correct! It is true. Placenta previa is when the placenta is attached close to or covering the cervix."}},{"refid":"qqrt24fe97b8968230","orderno":"2","text":"false","score":"0","props":{"feedback":"It is true. Placenta previa is when the placenta is attached close to or covering the cervix."}}]}]}</content></activity></activities></section><section id='22'><title lang='en'>Starting IV Fluid Therapy and Catheterising the Pregnant Woman</title><activities><activity type='page' id='1' digest='2b150dcf14b6c5ecd4e2100bba3febdb'><title lang='en'>Intro</title><location lang='en'>22_5476.html</location></activity><activity type='page' id='2' digest='ddebbcda28e20e38d34cbbea3d40e247'><title lang='en'>Outcomes</title><location lang='en'>22_5477.html</location></activity><activity type='page' id='3' digest='d2e19cde00ce7844770822fe6ede82b2'><title lang='en'>Summary</title><location lang='en'>22_5478.html</location></activity><activity type='quiz' id='4' digest='8c475bba483f2572512566d9612446a5'><title lang='en'>SAQs</title><content lang='en'>{"qref":"qt24fe97b8a03680","quiztitle":"ANC 22 SAQs","quizdescription":"ANC: 22: Starting IV Fluid Therapy and Catheterising the Pregnant Woman: SAQs","maxscore":"30","lastupdate":"2012-06-26 10:06:18","q":[{"refid":"qqt24fe97b8a16502","orderno":"1","text":"A woman who is in shock due to loss of blood should be referred immediately without beginning IV fluid therapy.","type":"multichoice","props":{"maxscore":"10","type":"multichoice"},"r":[{"refid":"qqrt24fe97b8a22880","orderno":"1","text":"true","score":"0","props":{"feedback":"It is false. A woman who is in shock (low blood pressure and rapid pulse) due to blood loss needs IV fluid therapy to be started before referral."}},{"refid":"qqrt24fe97b8a37989","orderno":"2","text":"false","score":"10","props":{"feedback":"Correct! It is false. A woman who is in shock (low blood pressure and rapid pulse) due to blood loss needs IV fluid therapy to be started before referral."}}]},{"refid":"qqt24fe97b8a56365","orderno":"2","text":"Remove and reposition the IV cannula if the venipuncture site swells and is painful.","type":"multichoice","props":{"maxscore":"10","type":"multichoice"},"r":[{"refid":"qqrt24fe97b8a6272f","orderno":"1","text":"true","score":"10","props":{"feedback":"Correct! It is true. You should remove and reposition the IV cannula if the venipuncture site swells and is painful. This indicates that the fluid is going into the tissues instead of into the vein."}},{"refid":"qqrt24fe97b8a74cc8","orderno":"2","text":"false","score":"0","props":{"feedback":"It is true. You should remove and reposition the IV cannula if the venipuncture site swells and is painful. This indicates that the fluid is going into the tissues instead of into the vein."}}]},{"refid":"qqt24fe97b8ac392c","orderno":"3","text":"If you don\u2019t have a plaster to put over the venipuncture site there is no need to stabilise the IV cannula in the vein.","type":"multichoice","props":{"maxscore":"10","type":"multichoice"},"r":[{"refid":"qqrt24fe97b8adeb9b","orderno":"1","text":"true","score":"0","props":{"feedback":"It is false. If you don\u2019t have a plaster to put over the venipuncture site, you should stabilise the IV cannula by tying very clean cloth around it. If the cannula is not stabilised it can pull out of the vein."}},{"refid":"qqrt24fe97b8b01054","orderno":"2","text":"false","score":"10","props":{"feedback":"Correct! It is false. If you don\u2019t have a plaster to put over the venipuncture site, you should stabilise the IV cannula by tying very clean cloth around it. If the cannula is not stabilised it can pull out of the vein."}}]}]}</content></activity></activities></section></structure></module>