<?xml version="1.0" encoding="utf-8"?><module><meta><versionid>20120812154113</versionid><title>Postnatal Care</title><shortname>PNC</shortname><sourceurl></sourceurl><updateurl></updateurl><license></license></meta><structure><section id='1'><title lang='en'>Postnatal Care at the Health Post and in the CommunityHuduma Baada ya Kujifungua katia Kituo cha Afya na katika Jamii</title><activities><activity type='page' id='1' digest='df0329fcf89441317b30b261147678a2'><title lang='en'><span class="multilang" lang="en">Intro</span><span class="multilang" lang="sw">Utangulizi</span></title><location lang='en'>01_5150.html</location></activity><activity type='page' id='2' digest='f55c571571f76a2ef0cd0261880c9b03'><title lang='en'><span class="multilang" lang="en">Outcomes</span><span class="multilang" lang="sw">Matokeo</span></title><location lang='en'>01_5151.html</location></activity><activity type='page' id='3' digest='f4b0548a213d05c42fe2e29702923526'><title lang='en'>Summary</title><location lang='en'>01_5152.html</location></activity><activity type='quiz' id='4' digest='6a39a74cf912f2ec98baca2a522bb641'><title lang='en'>SAQs</title><content lang='en'>{"qref":"qt24fe3a1b194a4d","quiztitle":"PNC 1 SAQs","quizdescription":"PNC: 1: Postnatal Care at the Health Post and in the Community: SAQs","maxscore":"30","lastupdate":"2012-06-22 00:35:29","q":[{"refid":"qqt24fe3a1b1b6aa2","orderno":"1","text":"'Neonate' is 'a newborn baby'. Is this definition:","type":"multichoice","props":{"maxscore":"10","type":"multichoice"},"r":[{"refid":"qqrt24fe3a1b1caf45","orderno":"1","text":"correct","score":"10","props":{"feedback":"Correct! neonate is a newborn baby."}},{"refid":"qqrt24fe3a1b1ed9bd","orderno":"2","text":"partially correct","score":"0","props":{"feedback":""}},{"refid":"qqrt24fe3a1b21a1d1","orderno":"3","text":"wrong","score":"0","props":{"feedback":""}}]},{"refid":"qqt24fe3a1b25334b","orderno":"2","text":"'Postnatal care (PNC)' is 'the care given to the baby immediately after birth'. Is this definition:","type":"multichoice","props":{"maxscore":"10","type":"multichoice"},"r":[{"refid":"qqrt24fe3a1b26b9d2","orderno":"1","text":"correct","score":"0","props":{"feedback":""}},{"refid":"qqrt24fe3a1b2905b0","orderno":"2","text":"partially correct","score":"10","props":{"feedback":"That's right. It is the care given to the baby and the mother immediately after birth and for the first 6 weeks of life."}},{"refid":"qqrt24fe3a1b2b50c6","orderno":"3","text":"wrong","score":"0","props":{"feedback":""}}]},{"refid":"qqt24fe3a1b2f237e","orderno":"3","text":"Imagine that you are trying to convince the Ethiopian Finance Minister to put more money into postnatal health care and he wants the evidence as to why. Write a short letter outlining the key points that you would emphasise.","type":"essay","props":{"maxscore":"10","type":"essay"},"r":[]}]}</content></activity></activities></section><section id='2'><title lang='en'>The Normal Puerperium</title><activities><activity type='page' id='1' digest='26d87d4da8b14fec76c566602602cd00'><title lang='en'>Intro</title><location lang='en'>02_5155.html</location></activity><activity type='page' id='2' digest='503270c8dc0c04d07495d8b1fbd35534'><title lang='en'>Outcomes</title><location lang='en'>02_5156.html</location></activity><activity type='page' id='3' digest='29ebd00e675a5aab4a931cbc6e309e22'><title lang='en'>Summary</title><location lang='en'>02_5157.html</location></activity><activity type='quiz' id='4' digest='2d0408e5176b275d250d8124dd59ad2d'><title lang='en'>SAQs</title><content lang='en'>{"qref":"qt24fe3a2adeaceb","quiztitle":"PNC 2 SAQs","quizdescription":"PNC: 2: The Normal Puerperium: SAQs","maxscore":"50","lastupdate":"2012-06-22 00:39:41","q":[{"refid":"qqt24fe3a2ae186a1","orderno":"1","text":"'A woman during the puerperium will not normally produce lochia after the birth'. Is this statement:","type":"multichoice","props":{"maxscore":"10","type":"multichoice"},"r":[{"refid":"qqrt24fe3a2ae2cc7e","orderno":"1","text":"True","score":"0","props":{"feedback":"Sorry, it's false. All postnatal women will have watery, coloured vaginal discharge (lochia) for around five weeks after the birth. This is about the same time as the puerperium \u2013 which is the postnatal period of physiological changes occurring during the five to six weeks after childbirth."}},{"refid":"qqrt24fe3a2ae4b614","orderno":"2","text":"False","score":"10","props":{"feedback":"Correct! All postnatal women will have watery, coloured vaginal discharge (lochia) for around five weeks after the birth. This is about the same time as the puerperium \u2013 which is the postnatal period of physiological changes occurring during the five to six weeks after childbirth."}}]},{"refid":"qqt24fe3a2ae82752","orderno":"2","text":"'Initiation of lactation and production of colostrum follows soon after delivery of the baby'. Is this statement:","type":"multichoice","props":{"maxscore":"10","type":"multichoice"},"r":[{"refid":"qqrt24fe3a2ae9afeb","orderno":"1","text":"True","score":"10","props":{"feedback":"Correct! Initiation of lactation \u2013 i.e. the production of colostrum (a creamy yellow nutrient rich 'first milk' which also contains the mother\u2019s antibodies), follows automatically soon after delivery of the baby and then true milk begins after about three days."}},{"refid":"qqrt24fe3a2aebfc7d","orderno":"2","text":"False","score":"0","props":{"feedback":"Not quite right. Initiation of lactation \u2013 i.e. the production of colostrum (a creamy yellow nutrient rich 'first milk' which also contains the mother\u2019s antibodies), follows automatically soon after delivery of the baby and then true milk begins after about three days."}}]},{"refid":"qqt24fe3a2af08c5d","orderno":"3","text":"'Breast engorgement is a sign that breastfeeding can be initiated'. Is this statement:","type":"multichoice","props":{"maxscore":"10","type":"multichoice"},"r":[{"refid":"qqrt24fe3a2af21416","orderno":"1","text":"True","score":"0","props":{"feedback":"Not quite true: breast engorgement is a response to the initiation of the milk supply and usually happens about three days after the delivery. Mothers are encouraged to initiate breastfeeding within one hour of the birth."}},{"refid":"qqrt24fe3a2af45de7","orderno":"2","text":"False","score":"10","props":{"feedback":"Correct, it's not quite true: breast engorgement is a response to the initiation of the milk supply and usually happens about three days after the delivery. Mothers are encouraged to initiate breastfeeding within one hour of the birth."}}]},{"refid":"qqt24fe3a2af81049","orderno":"4","text":"'The endometrium can take seven weeks to heal after the birth'. Is this statement:","type":"multichoice","props":{"maxscore":"10","type":"multichoice"},"r":[{"refid":"qqrt24fe3a2af9569d","orderno":"1","text":"True","score":"0","props":{"feedback":"Not quite right. The endometrium (which is the inner lining of the uterus) heals rapidly and by the seventh day is normally restored except at the placental site."}},{"refid":"qqrt24fe3a2afb46c2","orderno":"2","text":"False","score":"10","props":{"feedback":"Correct! The endometrium (which is the inner lining of the uterus) heals rapidly and by the seventh day is normally restored except at the placental site."}}]},{"refid":"qqt24fe3a2afe7776","orderno":"5","text":"You are seeing a woman who gave birth to her second child 14 days ago. She looks reasonably well, but she seems a bit worried. Briefly describe all the checks you would do to make sure that everything is OK and she is recovering normally.","type":"essay","props":{"maxscore":"10","type":"essay"},"r":[]}]}</content></activity></activities></section><section id='3'><title lang='en'>The Abnormal Puerperium</title><activities><activity type='page' id='1' digest='6133e2e7c3c40d6abc90ef5cb9a45b98'><title lang='en'>Intro</title><location lang='en'>03_5160.html</location></activity><activity type='page' id='2' digest='283c4d430982f217ea490fedf4ff9d95'><title lang='en'>Outcomes</title><location lang='en'>03_5161.html</location></activity><activity type='page' id='3' digest='889d26bd21351f4da35106f98e3c1794'><title lang='en'>Summary</title><location lang='en'>03_5162.html</location></activity><activity type='quiz' id='4' digest='25ab5b8696ddf08bb749bcc40ff90192'><title lang='en'>SAQs</title><content lang='en'>{"qref":"qt24fe4519b24384","quiztitle":"PNC 3 SAQs","quizdescription":"PNC: 3: \u00a0The Abnormal Puerperium: SAQs","maxscore":"50","lastupdate":"2012-06-22 13:06:03","q":[{"refid":"qqt24fe4519b46b4d","orderno":"1","text":"You are talking to one of your co-health workers about the complications that can occur in the course of the puerperium. She has only just started her health worker training and is curious about some of the terms and what their key symptoms are. How would you define 'Late postpartum haemorrhage'?","type":"essay","props":{"maxscore":"10","type":"essay"},"r":[]},{"refid":"qqt24fe4519b6f76b","orderno":"2","text":"How would you define 'Puerperal sepsis and fever'?","type":"essay","props":{"maxscore":"10","type":"essay"},"r":[]},{"refid":"qqt24fe4519b9a59d","orderno":"3","text":"How would you define 'Mastitis'?","type":"essay","props":{"maxscore":"10","type":"essay"},"r":[]},{"refid":"qqt24fe4519c84ca5","orderno":"4","text":"How would you define 'Postpartum hypertension'?","type":"essay","props":{"maxscore":"10","type":"essay"},"r":[]},{"refid":"qqt24fe4519cb5ac4","orderno":"5","text":"How would you define 'Postpartum depression'?","type":"essay","props":{"maxscore":"10","type":"essay"},"r":[]}]}</content></activity></activities></section><section id='4'><title lang='en'>Preparation for Postnatal Care</title><activities><activity type='page' id='1' digest='eaccc041dbebd7e7b39c5cee29ae0113'><title lang='en'>Intro</title><location lang='en'>04_5165.html</location></activity><activity type='page' id='2' digest='7d9d9a54fb6f3911265cc5a02f32cb08'><title lang='en'>Outcomes</title><location lang='en'>04_5166.html</location></activity><activity type='page' id='3' digest='ad51b4bbf5b5faa39a0fdbe87d54da77'><title lang='en'>Summary</title><location lang='en'>04_5167.html</location></activity><activity type='quiz' id='4' digest='0819f174831c6820e5b4adcfc7caf8d0'><title lang='en'>SAQs</title><content lang='en'>{"qref":"qt24fe455e779b75","quiztitle":"PNC 4 SAQs","quizdescription":"PNC: 4: Preparation for Postnatal Care: SAQs","maxscore":"40","lastupdate":"2012-06-22 13:24:23","q":[{"refid":"qqt24fe455e79f330","orderno":"1","text":"You are planning the postnatal care of a mother with a preterm baby who is also a low birth weight baby. Define these classifications. Then set out your planned schedule of care indicating how (and why) it differs from the schedule of care that you would plan for a normal weight, full term baby.","type":"essay","props":{"maxscore":"10","type":"essay"},"r":[]},{"refid":"qqt24fe455e7ca009","orderno":"2","text":"In an ideal world, all Ethiopian mothers would go to a high quality health facility for their postnatal care. What are the main reasons why this is not currently feasible and why is the home visit therefore so important?","type":"essay","props":{"maxscore":"10","type":"essay"},"r":[]},{"refid":"qqt24fe455e7f2d1d","orderno":"3","text":"You are planning a visit to Abrihet. She is a young mother who had her first baby 10 days ago. You have visited her before, but she is very shy and it is taking you time to get to know her and her family. You are getting ready to leave and wondering how you can gain everybody\u2019s confidence. While packing your bag, you think about checking whether you have everything you need for a postnatal visit and you write a quick reminder to yourself for next time. What did you write?","type":"essay","props":{"maxscore":"10","type":"essay"},"r":[]},{"refid":"qqt24fe455e8278e9","orderno":"4","text":"Then you also write down a few further thoughts about things to remember when you meet Abrihet next time. What did you write?","type":"essay","props":{"maxscore":"10","type":"essay"},"r":[]}]}</content></activity></activities></section><section id='5'><title lang='en'>Routine Postnatal Care for the Mother</title><activities><activity type='page' id='1' digest='e4a8fcd1092caa2a70c218337668c3ee'><title lang='en'>Intro</title><location lang='en'>05_5170.html</location></activity><activity type='page' id='2' digest='cd4f526def342c6263d80620d4a43c97'><title lang='en'>Outcomes</title><location lang='en'>05_5171.html</location></activity><activity type='page' id='3' digest='3bf88ab298b8c4ee04e0265f37381e0a'><title lang='en'>Summary</title><location lang='en'>05_5172.html</location></activity><activity type='quiz' id='4' digest='f022c852a442870e333aa0c46662a0f3'><title lang='en'>SAQs</title><content lang='en'>{"qref":"qt24fe4688429f6c","quiztitle":"PNC 5 SAQs","quizdescription":"PNC: 5: Routine Postnatal Care for the Mother: SAQs","maxscore":"10","lastupdate":"2012-06-22 14:43:48","q":[{"refid":"qqt24fe468844a095","orderno":"1","text":"You arrived too late to deliver a baby which was born two hours before you got there. What do you do?","type":"essay","props":{"maxscore":"10","type":"essay"},"r":[]}]}</content></activity></activities></section><section id='6'><title lang='en'>Routine Screening of Newborns for Life-Threatening Conditions</title><activities><activity type='page' id='1' digest='5868f074a377b91eda3f0c28a731cb15'><title lang='en'>Intro</title><location lang='en'>06_5175.html</location></activity><activity type='page' id='2' digest='fec9b2699aec1a10d0b8e03fe4e6b247'><title lang='en'>Outcomes</title><location lang='en'>06_5176.html</location></activity><activity type='page' id='3' digest='8fbd63d87681e222407733525198814a'><title lang='en'>Summary</title><location lang='en'>06_5177.html</location></activity><activity type='quiz' id='4' digest='c985b11b60dd066665e849bbdfb9e67f'><title lang='en'>SAQs</title><content lang='en'>{"qref":"qt24fe46884a93e7","quiztitle":"PNC 6 SAQs","quizdescription":"PNC: 6: Routine Screening of Newborns for Life-Threatening Conditions: SAQs","maxscore":"50","lastupdate":"2012-06-22 14:43:48","q":[{"refid":"qqt24fe46884c8bd7","orderno":"1","text":"A female baby was delivered by a 32 year-old mother at a gestational age of 39 weeks. You assess the baby at 28 hours after the birth. She has a birth weight of 3,000 gm and presented with a history of convulsion, no feeding at all and a body temperature of 38.5\u00b0C. How do you classify this baby based on her gestational age?","type":"essay","props":{"maxscore":"10","type":"essay"},"r":[]},{"refid":"qqt24fe46884f15f6","orderno":"2","text":"How do you classify her according to her birth weight?","type":"essay","props":{"maxscore":"10","type":"essay"},"r":[]},{"refid":"qqt24fe46885260a6","orderno":"3","text":"List the general danger signs present in this newborn.","type":"essay","props":{"maxscore":"10","type":"essay"},"r":[]},{"refid":"qqt24fe468854ecb8","orderno":"4","text":"What is your comment on the body temperature of this baby?","type":"essay","props":{"maxscore":"10","type":"essay"},"r":[]},{"refid":"qqt24fe4688577aca","orderno":"5","text":"What will be your final classification of this newborn baby and how should you manage her condition?","type":"essay","props":{"maxscore":"10","type":"essay"},"r":[]}]}</content></activity></activities></section><section id='7'><title lang='en'>Breastfeeding, the Warm Chain Principle and Counselling HIV-Positive Mothers</title><activities><activity type='page' id='1' digest='6655ba53ded4bd70af4cc7c8fdd4661f'><title lang='en'>Intro</title><location lang='en'>07_5180.html</location></activity><activity type='page' id='2' digest='a817817228aa10b3352d9575187d8771'><title lang='en'>Outcomes</title><location lang='en'>07_5181.html</location></activity><activity type='page' id='3' digest='dbef96ca5bcc09cd60611419e1e90816'><title lang='en'>Summary</title><location lang='en'>07_5182.html</location></activity><activity type='quiz' id='4' digest='15bacdc8ed949e369cf3e89bd309515c'><title lang='en'>SAQs</title><content lang='en'>{"qref":"qt24fe46885e5ca5","quiztitle":"PNC 7 SAQs","quizdescription":"PNC: 7: Breastfeeding, the Warm Chain Principle and Counselling HIV-Positive Mothers: SAQs","maxscore":"30","lastupdate":"2012-06-22 14:43:49","q":[{"refid":"qqt24fe468861673a","orderno":"1","text":"You are wondering what to say to an HIV-positive mother who is particularly keen on breastfeeding. How would you advise her?","type":"essay","props":{"maxscore":"10","type":"essay"},"r":[]},{"refid":"qqt24fe4688647631","orderno":"2","text":"Which of the following definitions is incorrect?","type":"multiselect","props":{"maxscore":"10","type":"multiselect"},"r":[{"refid":"qqrt24fe4688661d9a","orderno":"1","text":"Exclusive breastfeeding is only feeding one baby at a time.","score":"5","props":{"feedback":"Exclusive breastfeeding is giving nothing to the baby other than breast milk for the first six months."}},{"refid":"qqrt24fe468868694b","orderno":"2","text":"Good positioning for breastfeeding is when the mother is sitting comfortably.","score":"0","props":{"feedback":"Look back to Section 7.1.1 and check you are clear about how to maintain the mother in good positioning."}},{"refid":"qqrt24fe46886ab4b7","orderno":"3","text":"Good attachment means the baby has \u2018a good mouthful of breast\u2019.","score":"0","props":{"feedback":"Look back to Section 7.1.2 and check you remember precisely the four signs of good attachment."}},{"refid":"qqrt24fe46886d40a7","orderno":"4","text":"Early breastfeeding requires the mother to get up around dawn for the first feed.","score":"5","props":{"feedback":"True Early breastfeeding is initiation of breastfeeding within one hour after birth."}}]},{"refid":"qqt24fe4688714fbe","orderno":"3","text":"You are visiting a new mother and you notice that the baby feels very cold. You are worried about hypothermia. What do you do?","type":"essay","props":{"maxscore":"10","type":"essay"},"r":[]}]}</content></activity></activities></section><section id='8'><title lang='en'>Special Care for Preterm and Low Birth Weight Babies</title><activities><activity type='page' id='1' digest='4fa9194e5ab1072f82a05bdfe9314075'><title lang='en'>Intro</title><location lang='en'>08_5185.html</location></activity><activity type='page' id='2' digest='ff3afb4e1ec1d0319923e90cc4c3a9fc'><title lang='en'>Outcomes</title><location lang='en'>08_5186.html</location></activity><activity type='page' id='3' digest='418fa5da7550522240c62e2586a3289f'><title lang='en'>Summary</title><location lang='en'>08_5187.html</location></activity><activity type='quiz' id='4' digest='6fda6b66bb61cd1bcb4de4fcc815eceb'><title lang='en'>SAQs</title><content lang='en'>{"qref":"qt24fe468877b0f6","quiztitle":"PNC 8 SAQs","quizdescription":"PNC: 8: Special Care for Preterm and Low Birth Weight Babies: SAQs","maxscore":"30","lastupdate":"2012-06-22 14:43:51","q":[{"refid":"qqt24fe468879a1ec","orderno":"1","text":"What are the main characteristics of preterm and low birth weight babies which mean they need special care?","type":"essay","props":{"maxscore":"10","type":"essay"},"r":[]},{"refid":"qqt24fe46887c2cc6","orderno":"2","text":"You make the first antenatal visit at 12 hours after the birth to the mother of a baby that weighs 2,000 gm. It seems able to suckle but not for long, and the mother is worried if it is getting enough breast milk. How would you advise her?","type":"essay","props":{"maxscore":"10","type":"essay"},"r":[]},{"refid":"qqt24fe46887eba9e","orderno":"3","text":"What are the key things not to do with a preterm baby in order to protect it from hypothermia?","type":"essay","props":{"maxscore":"10","type":"essay"},"r":[]}]}</content></activity></activities></section><section id='9'><title lang='en'>Making a Referral for Postnatal Care</title><activities><activity type='page' id='1' digest='093f0d413058ea914ab96b1becbeb49c'><title lang='en'>Intro</title><location lang='en'>09_5190.html</location></activity><activity type='page' id='2' digest='2821b9bfcfa8f6cd98572e6207c92758'><title lang='en'>Outcomes</title><location lang='en'>09_5191.html</location></activity><activity type='page' id='3' digest='6ed0dfbf2593092b7086f6f9d126927a'><title lang='en'>Summary</title><location lang='en'>09_5192.html</location></activity><activity type='quiz' id='4' digest='babba2d4cc1052b70a045a3c6df85f63'><title lang='en'>SAQs</title><content lang='en'>{"qref":"qt24fe4688861012","quiztitle":"PNC 9 SAQs","quizdescription":"PNC: 9: Making a Referral for Postnatal Care: SAQs","maxscore":"30","lastupdate":"2012-06-22 14:43:52","q":[{"refid":"qqt24fe4688886819","orderno":"1","text":"Write short definition of 'Continuum of maternal and child health care' and explain why it is important in how you approach the provision of postnatal care.","type":"essay","props":{"maxscore":"10","type":"essay"},"r":[]},{"refid":"qqt24fe46888b74d5","orderno":"2","text":"Write short definition of 'Referral link' and explain why it is important in how you approach the provision of postnatal care.","type":"essay","props":{"maxscore":"10","type":"essay"},"r":[]},{"refid":"qqt24fe46888e836d","orderno":"3","text":"You are making a referral of a very preterm baby and its mother, who already has three older children. You are extremely worried about the baby. Write a checklist for yourself of all the things you need to remember to do.","type":"essay","props":{"maxscore":"10","type":"essay"},"r":[]}]}</content></activity></activities></section></structure></module>